"Ngày","Lần cuối","Mở","Cao","Thấp","KL","% Thay đổi"
"03/03/2025","28,290.6","28,256.3","28,290.6","28,016.2","11.10M","-0.60%"
"28/02/2025","28,462.0","28,324.9","28,530.6","28,119.1","8.00M","0.00%"
"27/02/2025","28,462.0","28,290.6","28,496.3","28,016.2","8.79M","0.36%"
"26/02/2025","28,359.2","28,667.8","28,667.8","28,187.7","13.64M","-1.19%"
"25/02/2025","28,702.1","28,770.7","28,873.5","28,393.4","8.29M","-0.12%"
"24/02/2025","28,736.4","28,462.0","28,770.7","28,359.2","9.78M","0.96%"
"21/02/2025","28,462.0","28,016.2","28,462.0","27,776.2","11.15M","1.59%"
"20/02/2025","28,016.2","28,153.4","28,153.4","27,741.9","7.62M","0.86%"
"19/02/2025","27,776.2","27,810.5","28,084.8","27,741.9","8.87M","0.50%"
"18/02/2025","27,639.0","27,536.2","28,119.1","27,467.6","9.46M","0.37%"
"17/02/2025","27,536.2","27,776.2","27,879.1","27,536.2","8.61M","-0.99%"
"14/02/2025","27,810.5","28,119.1","28,359.2","27,776.2","7.98M","-0.73%"
"13/02/2025","28,016.2","27,639.0","28,324.9","27,639.0","10.05M","0.86%"
"12/02/2025","27,776.2","27,913.4","27,981.9","27,707.6","6.99M","-0.49%"
"11/02/2025","27,913.4","27,673.3","28,050.5","27,536.2","11.02M","0.99%"
"10/02/2025","27,639.0","27,981.9","28,187.7","27,467.6","13.79M","-1.23%"
"07/02/2025","27,981.9","27,090.4","28,256.3","26,918.9","21.66M","3.29%"
"06/02/2025","27,090.4","27,021.8","27,330.4","26,884.6","9.44M","0.38%"
"05/02/2025","26,987.5","27,193.2","27,227.5","26,816.0","9.67M","-0.13%"
"04/02/2025","27,021.8","26,233.1","27,261.8","26,095.9","21.03M","3.55%"
"03/02/2025","26,095.9","26,233.1","26,473.1","25,924.4","12.04M","0.13%"
"24/01/2025","26,061.6","26,130.2","26,164.5","25,890.2","7.30M","-0.26%"
"23/01/2025","26,130.2","25,650.1","26,198.8","25,581.5","10.97M","2.14%"
"22/01/2025","25,581.5","25,787.3","25,787.3","25,547.2","6.51M","0.00%"
"21/01/2025","25,581.5","25,684.4","25,924.4","25,410.1","7.96M","0.00%"
"20/01/2025","25,581.5","25,547.2","25,855.9","25,478.7","6.36M","0.27%"
"17/01/2025","25,513.0","25,238.6","25,513.0","25,101.5","5.71M","1.09%"
"16/01/2025","25,238.6","25,272.9","25,513.0","24,964.3","9.61M","0.14%"
"15/01/2025","25,204.3","25,375.8","25,444.4","25,101.5","7.20M","-0.54%"
"14/01/2025","25,341.5","25,684.4","25,993.0","25,307.2","5.38M","-1.99%"
"13/01/2025","25,855.9","25,513.0","25,855.9","24,827.1","13.56M","0.53%"
"10/01/2025","25,718.7","25,650.1","26,198.8","25,513.0","10.85M","0.27%"
"09/01/2025","25,650.1","25,924.4","25,993.0","25,547.2","5.87M","-1.06%"
"08/01/2025","25,924.4","25,650.1","25,993.0","25,547.2","5.30M","0.93%"
"07/01/2025","25,684.4","25,718.7","26,061.6","25,478.7","9.06M","0.67%"
"06/01/2025","25,513.0","25,547.2","25,821.6","25,410.1","8.74M","0.00%"
"03/01/2025","25,513.0","25,924.4","26,061.6","25,513.0","14.88M","-2.36%"
"02/01/2025","26,130.2","26,061.6","26,267.4","25,787.3","8.31M","0.79%"
"31/12/2024","25,924.4","26,473.1","26,541.7","25,924.4","7.88M","-2.83%"
"30/12/2024","26,678.9","26,404.5","26,678.9","26,301.7","10.43M","0.26%"
"27/12/2024","26,610.3","26,301.7","26,610.3","26,061.6","13.80M","1.57%"
"26/12/2024","26,198.8","26,335.9","26,335.9","26,061.6","7.01M","0.00%"
"25/12/2024","26,198.8","24,827.1","26,541.7","24,827.1","36.43M","5.52%"
"24/12/2024","24,827.1","24,758.5","24,827.1","24,621.4","4.09M","-0.14%"
"23/12/2024","24,861.4","24,827.1","24,895.7","24,758.5","4.48M","0.28%"
"20/12/2024","24,792.8","24,690.0","24,792.8","24,484.2","4.94M","-0.14%"
"19/12/2024","24,827.1","24,587.1","24,827.1","24,415.6","9.14M","-0.14%"
"18/12/2024","24,861.4","24,827.1","24,964.3","24,552.8","4.24M","0.00%"
"17/12/2024","24,861.4","24,861.4","24,930.0","24,724.2","4.96M","0.00%"
"16/12/2024","24,861.4","24,930.0","25,170.0","24,827.1","4.15M","-0.28%"
"13/12/2024","24,930.0","24,792.8","25,032.9","24,758.5","6.05M","0.14%"
"12/12/2024","24,895.7","24,964.3","25,238.6","24,827.1","7.25M","-0.14%"
"11/12/2024","24,930.0","24,895.7","25,101.5","24,827.1","6.35M","0.00%"
"10/12/2024","24,930.0","24,998.6","25,032.9","24,758.5","4.76M","-0.27%"
"09/12/2024","24,998.6","24,792.8","25,032.9","24,724.2","6.35M","0.55%"
"06/12/2024","24,861.4","25,032.9","25,135.7","24,861.4","8.14M","-0.41%"
"05/12/2024","24,964.3","24,209.9","25,032.9","24,038.4","15.04M","3.12%"
"04/12/2024","24,209.9","24,415.6","24,484.2","24,209.9","5.98M","-1.67%"
"03/12/2024","24,621.4","24,655.7","24,655.7","24,312.7","7.61M","0.14%"
"02/12/2024","24,587.1","24,621.4","24,690.0","24,484.2","6.46M","0.28%"
"29/11/2024","24,518.5","24,347.0","24,587.1","24,175.6","7.44M","0.99%"
"28/11/2024","24,278.5","24,209.9","24,278.5","23,969.8","4.76M","0.71%"
"27/11/2024","24,107.0","24,072.7","24,209.9","23,969.8","3.99M","-0.42%"
"26/11/2024","24,209.9","24,004.1","24,244.2","23,935.5","6.56M","0.57%"
"25/11/2024","24,072.7","23,969.8","24,072.7","23,798.4","5.53M","0.29%"
"22/11/2024","24,004.1","23,935.5","24,141.3","23,798.4","8.94M","0.00%"
"21/11/2024","24,004.1","23,318.3","24,004.1","23,044.0","11.30M","2.94%"
"20/11/2024","23,318.3","22,666.7","23,318.3","22,666.7","9.39M","1.95%"
"19/11/2024","22,872.5","22,975.4","23,044.0","22,632.5","7.64M","0.15%"
"18/11/2024","22,838.2","22,701.0","23,078.2","22,426.7","5.89M","0.60%"
"15/11/2024","22,701.0","23,044.0","23,044.0","22,495.3","12.08M","-1.49%"
"14/11/2024","23,044.0","23,524.0","23,524.0","23,044.0","7.62M","-2.18%"
"13/11/2024","23,558.3","23,626.9","23,661.2","23,284.0","6.14M","-0.43%"
"12/11/2024","23,661.2","23,867.0","23,901.2","23,455.5","4.83M","-1.29%"
"11/11/2024","23,969.8","24,004.1","24,004.1","23,215.4","23.61M","-0.14%"
"08/11/2024","24,004.1","24,484.2","24,690.0","23,867.0","7.11M","-1.69%"
"07/11/2024","24,415.6","24,621.4","24,792.8","24,415.6","5.53M","-0.84%"
"06/11/2024","24,621.4","24,141.3","24,621.4","24,072.7","5.13M","2.43%"
"05/11/2024","24,038.4","24,347.0","24,484.2","24,038.4","5.92M","-1.82%"
"04/11/2024","24,484.2","24,381.3","24,655.7","24,244.2","7.59M","0.28%"
"01/11/2024","24,415.6","24,381.3","24,655.7","24,347.0","11.55M","-0.28%"
"31/10/2024","24,484.2","23,935.5","24,518.5","23,867.0","12.15M","2.73%"
"30/10/2024","23,832.7","23,935.5","24,004.1","23,661.2","3.80M","-0.57%"
"29/10/2024","23,969.8","23,798.4","23,969.8","23,798.4","4.18M","0.72%"
"28/10/2024","23,798.4","23,764.1","23,867.0","23,695.5","3.31M","0.29%"
"25/10/2024","23,729.8","23,832.7","23,867.0","23,661.2","6.43M","-0.72%"
"24/10/2024","23,901.2","24,004.1","24,107.0","23,352.6","9.27M","-0.57%"
"23/10/2024","24,038.4","24,004.1","24,107.0","23,832.7","6.49M","0.14%"
"22/10/2024","24,004.1","24,347.0","24,449.9","23,867.0","13.77M","-1.41%"
"21/10/2024","24,347.0","24,758.5","24,930.0","24,347.0","11.92M","-2.07%"
"18/10/2024","24,861.4","25,238.6","25,307.2","24,861.4","10.20M","-0.82%"
"17/10/2024","25,067.2","25,032.9","25,067.2","24,724.2","8.97M","0.69%"
"16/10/2024","24,895.7","24,758.5","24,998.6","24,621.4","5.46M","0.41%"
"15/10/2024","24,792.8","24,861.4","25,238.6","24,758.5","15.31M","0.28%"
"14/10/2024","24,724.2","24,964.3","24,998.6","24,724.2","5.85M","-0.55%"
"11/10/2024","24,861.4","24,861.4","24,895.7","24,552.8","6.10M","0.28%"
"10/10/2024","24,792.8","24,998.6","25,135.7","24,724.2","9.01M","0.14%"
"09/10/2024","24,758.5","24,552.8","25,101.5","24,484.2","13.22M","0.98%"
"08/10/2024","24,518.5","24,552.8","24,792.8","24,381.3","9.60M","-0.14%"
"07/10/2024","24,552.8","24,621.4","24,655.7","24,347.0","7.66M","0.56%"
"04/10/2024","24,415.6","24,792.8","24,792.8","24,415.6","12.36M","-1.66%"
"03/10/2024","24,827.1","24,690.0","25,204.3","24,621.4","13.18M","0.56%"
"02/10/2024","24,690.0","24,792.8","24,998.6","24,655.7","16.30M","-1.37%"
"01/10/2024","25,032.9","25,341.5","25,444.4","24,930.0","17.81M","-1.22%"
"30/09/2024","25,341.5","25,307.2","25,513.0","25,135.7","7.00M","-0.14%"
"27/09/2024","25,375.8","24,998.6","25,753.0","24,998.6","22.59M","1.65%"
"26/09/2024","24,964.3","24,690.0","24,998.6","24,312.7","33.02M","1.11%"
"25/09/2024","24,690.0","25,032.9","25,101.5","24,690.0","14.17M","-0.14%"
"24/09/2024","24,724.2","24,621.4","24,827.1","24,449.9","8.02M","0.42%"
"23/09/2024","24,621.4","24,655.7","24,895.7","24,449.9","6.42M","-0.28%"
"20/09/2024","24,690.0","24,724.2","25,135.7","24,655.7","19.04M","0.00%"
"19/09/2024","24,690.0","24,518.5","24,827.1","24,415.6","8.44M","0.84%"
"18/09/2024","24,484.2","23,969.8","24,895.7","23,867.0","25.29M","2.15%"
"17/09/2024","23,969.8","23,695.5","23,969.8","23,558.3","7.56M","0.87%"
"16/09/2024","23,764.1","23,969.8","23,969.8","23,661.2","8.40M","-0.72%"
"13/09/2024","23,935.5","23,867.0","24,004.1","23,764.1","4.98M","-0.29%"
"12/09/2024","24,004.1","24,175.6","24,175.6","23,798.4","7.23M","0.14%"
"11/09/2024","23,969.8","23,969.8","24,072.7","23,626.9","7.95M","0.00%"
"10/09/2024","23,969.8","24,278.5","24,381.3","23,867.0","10.81M","-1.41%"
"09/09/2024","24,312.7","24,141.3","24,312.7","24,004.1","7.78M","-0.14%"
"06/09/2024","24,347.0","23,867.0","24,347.0","23,729.8","13.24M","1.43%"
"05/09/2024","24,004.1","24,141.3","24,347.0","23,729.8","12.30M","-0.85%"
"04/09/2024","24,209.9","23,729.8","24,209.9","23,626.9","15.11M","0.71%"
"30/08/2024","24,038.4","24,004.1","24,072.7","23,764.1","11.75M","0.14%"
"29/08/2024","24,004.1","23,969.8","24,244.2","23,661.2","18.12M","0.29%"
"28/08/2024","23,935.5","23,935.5","23,969.8","23,661.2","8.59M","0.14%"
"27/08/2024","23,901.2","23,729.8","24,004.1","23,489.7","16.92M","0.72%"
"26/08/2024","23,729.8","24,004.1","24,004.1","23,592.6","13.86M","-1.00%"
"23/08/2024","23,969.8","23,592.6","23,969.8","23,421.2","14.26M","1.01%"
"22/08/2024","23,729.8","23,558.3","24,004.1","23,524.0","16.61M","1.17%"
"21/08/2024","23,455.5","22,803.9","23,455.5","22,632.5","39.75M","3.01%"
"20/08/2024","22,769.6","22,392.4","22,872.5","22,358.1","15.57M","1.68%"
"19/08/2024","22,392.4","22,289.5","22,426.7","22,186.7","8.48M","0.46%"
"16/08/2024","22,289.5","21,843.8","22,289.5","21,809.5","11.36M","2.04%"
"15/08/2024","21,843.8","21,809.5","21,912.3","21,569.4","6.40M","0.16%"
"14/08/2024","21,809.5","21,843.8","21,946.6","21,672.3","6.75M","-0.16%"
"13/08/2024","21,843.8","21,843.8","21,843.8","21,500.8","5.44M","0.47%"
"12/08/2024","21,740.9","21,638.0","21,775.2","21,398.0","4.41M","0.63%"
"09/08/2024","21,603.7","20,815.0","21,603.7","20,815.0","10.38M","4.30%"
"08/08/2024","20,712.1","20,712.1","20,883.6","20,609.3","7.46M","0.00%"
"07/08/2024","20,712.1","21,020.8","21,020.8","20,609.3","5.63M","-1.15%"
"06/08/2024","20,952.2","20,917.9","20,986.5","20,540.7","7.05M","1.33%"
"05/08/2024","20,677.8","21,192.2","21,226.5","20,575.0","15.38M","-4.44%"
"02/08/2024","21,638.0","21,295.1","21,638.0","20,746.4","15.05M","0.32%"
"01/08/2024","21,569.4","21,946.6","22,255.2","21,466.5","12.74M","-1.72%"
"31/07/2024","21,946.6","21,946.6","22,152.4","21,809.5","9.46M","0.00%"
"30/07/2024","21,946.6","21,946.6","22,015.2","21,809.5","6.20M","-0.31%"
"29/07/2024","22,015.2","22,049.5","22,186.7","22,015.2","4.51M","0.16%"
"26/07/2024","21,980.9","21,638.0","22,049.5","21,638.0","4.75M","1.58%"
"25/07/2024","21,638.0","21,946.6","21,946.6","21,535.1","8.83M","-2.02%"
"24/07/2024","22,083.8","22,186.7","22,289.5","21,740.9","14.92M","-0.62%"
"23/07/2024","22,221.0","23,112.5","23,112.5","21,980.9","14.21M","-3.71%"
"22/07/2024","23,078.2","22,769.6","23,386.9","22,735.3","22.95M","0.75%"
"19/07/2024","22,906.8","22,803.9","23,181.1","22,461.0","14.68M","-0.15%"
"18/07/2024","22,941.1","22,838.2","22,941.1","22,461.0","11.73M","1.36%"
"17/07/2024","22,632.5","22,426.7","23,181.1","22,323.8","32.69M","1.54%"
"16/07/2024","22,289.5","22,049.5","22,529.6","22,015.2","9.53M","1.25%"
"15/07/2024","22,015.2","21,980.9","22,083.8","21,946.6","3.55M","0.31%"
"12/07/2024","21,946.6","22,083.8","22,152.4","21,878.0","5.60M","-0.62%"
"11/07/2024","22,083.8","22,289.5","22,358.1","22,083.8","5.59M","-0.62%"
"10/07/2024","22,221.0","22,426.7","22,529.6","22,221.0","7.53M","-0.92%"
"09/07/2024","22,426.7","22,358.1","22,495.3","22,221.0","6.84M","0.31%"
"08/07/2024","22,358.1","22,461.0","22,461.0","22,152.4","5.57M","-0.31%"
"05/07/2024","22,426.7","22,186.7","22,529.6","22,015.2","8.09M","1.24%"
"04/07/2024","22,152.4","22,221.0","22,289.5","21,980.9","3.65M","-0.15%"
"03/07/2024","22,186.7","22,186.7","22,289.5","21,980.9","4.80M","0.15%"
"02/07/2024","22,152.4","21,946.6","22,186.7","21,878.0","7.41M","0.94%"
"01/07/2024","21,946.6","21,157.9","21,946.6","21,157.9","5.68M","3.23%"
"28/06/2024","21,260.8","21,466.5","21,569.4","21,260.8","6.54M","-0.96%"
"27/06/2024","21,466.5","21,466.5","21,535.1","21,363.7","5.91M","0.00%"
"26/06/2024","21,466.5","21,672.3","21,706.6","21,295.1","9.48M","-0.95%"
"25/06/2024","21,672.3","21,878.0","21,878.0","21,569.4","7.83M","-0.16%"
"24/06/2024","21,706.6","22,083.8","22,186.7","21,638.0","12.21M","-1.71%"
"21/06/2024","22,083.8","22,221.0","22,255.2","22,049.5","7.09M","0.00%"
"20/06/2024","22,083.8","22,152.4","22,323.8","21,946.6","10.19M","-0.92%"
"19/06/2024","22,289.5","22,221.0","22,323.8","21,912.3","9.70M","0.46%"
"18/06/2024","22,186.7","22,461.0","22,529.6","22,186.7","11.20M","-1.22%"
"17/06/2024","22,461.0","22,495.3","22,598.2","22,152.4","12.18M","-0.15%"
"14/06/2024","22,495.3","23,249.7","23,284.0","22,495.3","15.09M","-3.24%"
"13/06/2024","23,249.7","23,318.3","23,421.2","22,975.4","20.26M","1.19%"
"12/06/2024","22,975.4","22,803.9","23,078.2","22,529.6","10.98M","0.90%"
"11/06/2024","22,769.6","23,284.0","23,284.0","22,735.3","15.50M","-0.90%"
"10/06/2024","22,975.4","22,598.2","23,284.0","22,563.9","19.26M","2.13%"
"07/06/2024","22,495.3","22,495.3","22,563.9","22,392.4","6.23M","0.61%"
"06/06/2024","22,358.1","22,289.5","22,426.7","22,186.7","10.76M","0.62%"
"05/06/2024","22,221.0","22,563.9","22,598.2","22,221.0","12.13M","-1.22%"
"04/06/2024","22,495.3","22,426.7","22,598.2","22,255.2","12.79M","0.61%"
"03/06/2024","22,358.1","22,118.1","22,495.3","21,980.9","14.36M","2.19%"
"31/05/2024","21,878.0","21,809.5","22,083.8","21,809.5","8.95M","0.31%"
"30/05/2024","21,809.5","21,500.8","22,015.2","21,500.8","13.91M","0.47%"
"29/05/2024","21,706.6","22,083.8","22,083.8","21,706.6","22.61M","-1.71%"
"28/05/2024","22,083.8","22,255.2","22,289.5","21,740.9","35.70M","-0.62%"
"27/05/2024","22,221.0","22,426.7","22,426.7","22,015.2","11.89M","-0.31%"
"24/05/2024","22,289.5","22,701.0","23,249.7","22,152.4","20.14M","-2.26%"
"23/05/2024","22,803.9","22,598.2","22,803.9","22,358.1","8.06M","0.76%"
"22/05/2024","22,632.5","23,215.4","23,249.7","22,426.7","16.84M","-1.93%"
"21/05/2024","23,078.2","22,941.1","23,386.9","22,872.5","8.79M","0.90%"
"20/05/2024","22,872.5","22,838.2","23,249.7","22,666.7","17.57M","0.76%"
"17/05/2024","22,701.0","22,872.5","22,906.8","22,563.9","8.60M","-0.30%"
"16/05/2024","22,769.6","22,495.3","23,112.5","22,323.8","20.53M","2.63%"
"15/05/2024","22,186.7","22,255.2","22,632.5","22,118.1","11.47M","0.15%"
"14/05/2024","22,152.4","22,221.0","22,426.7","22,118.1","8.16M","0.00%"
"13/05/2024","22,152.4","22,529.6","22,529.6","22,118.1","10.13M","-1.67%"
"10/05/2024","22,529.6","22,735.3","22,735.3","22,323.8","6.74M","-0.15%"
"09/05/2024","22,563.9","22,495.3","22,906.8","22,255.2","10.41M","0.92%"
"08/05/2024","22,358.1","22,392.4","22,632.5","22,186.7","12.15M","-0.61%"
"07/05/2024","22,495.3","22,769.6","22,803.9","22,495.3","7.15M","-1.20%"
"06/05/2024","22,769.6","22,358.1","22,803.9","22,186.7","11.03M","2.47%"
"03/05/2024","22,221.0","22,255.2","22,529.6","22,049.5","8.91M","0.15%"
"02/05/2024","22,186.7","22,495.3","22,495.3","21,946.6","9.20M","-1.37%"
"26/04/2024","22,495.3","22,323.8","22,735.3","22,049.5","12.98M","-0.61%"
"25/04/2024","22,632.5","22,529.6","22,632.5","22,118.1","7.03M","0.15%"
"24/04/2024","22,598.2","21,946.6","22,598.2","21,740.9","13.04M","4.60%"
"23/04/2024","21,603.7","22,118.1","22,289.5","21,363.7","15.46M","-2.48%"
"22/04/2024","22,152.4","21,980.9","22,221.0","21,740.9","11.24M","2.22%"
"19/04/2024","21,672.3","22,015.2","22,461.0","21,432.3","18.86M","-3.36%"
"17/04/2024","22,426.7","23,489.7","23,489.7","22,392.4","27.62M","-3.96%"
"16/04/2024","23,352.6","23,249.7","23,352.6","22,495.3","22.29M","1.79%"
"15/04/2024","22,941.1","24,552.8","24,895.7","22,906.8","42.37M","-6.82%"
"12/04/2024","24,621.4","23,181.1","24,724.2","23,078.2","34.39M","6.53%"
"11/04/2024","23,112.5","22,838.2","23,112.5","22,803.9","6.05M","0.15%"
"10/04/2024","23,078.2","23,558.3","23,558.3","23,078.2","6.22M","-1.75%"
"09/04/2024","23,489.7","23,249.7","23,489.7","23,009.7","7.58M","2.24%"
"08/04/2024","22,975.4","22,838.2","23,489.7","22,598.2","17.37M","0.90%"
"05/04/2024","22,769.6","22,769.6","23,044.0","22,701.0","14.22M","-1.04%"
"04/04/2024","23,009.7","23,455.5","23,524.0","22,975.4","10.28M","-1.47%"
"03/04/2024","23,352.6","23,935.5","24,004.1","23,249.7","13.18M","-2.71%"
"02/04/2024","24,004.1","23,661.2","24,141.3","23,386.9","10.09M","0.00%"
"01/04/2024","24,004.1","24,278.5","24,278.5","23,832.7","11.45M","-1.55%"
"29/03/2024","24,381.3","24,518.5","24,518.5","24,107.0","6.49M","-0.56%"
"28/03/2024","24,518.5","24,621.4","24,621.4","24,209.9","10.17M","0.70%"
"27/03/2024","24,347.0","24,004.1","24,347.0","23,867.0","7.33M","0.85%"
"26/03/2024","24,141.3","23,832.7","24,278.5","23,764.1","5.50M","1.44%"
"25/03/2024","23,798.4","24,347.0","24,484.2","23,661.2","13.85M","-2.80%"
"22/03/2024","24,484.2","24,072.7","24,964.3","24,004.1","23.08M","2.29%"
"21/03/2024","23,935.5","23,729.8","23,935.5","23,352.6","13.14M","1.60%"
"20/03/2024","23,558.3","22,769.6","23,661.2","22,632.5","13.72M","3.15%"
"19/03/2024","22,838.2","22,906.8","23,181.1","22,598.2","10.34M","0.00%"
"18/03/2024","22,838.2","23,832.7","24,004.1","22,186.7","16.47M","-4.17%"
"15/03/2024","23,832.7","23,592.6","24,278.5","23,284.0","13.87M","0.87%"
"14/03/2024","23,626.9","24,141.3","24,141.3","23,455.5","10.14M","-1.99%"
"13/03/2024","24,107.0","23,729.8","24,107.0","23,455.5","8.88M","1.88%"
"12/03/2024","23,661.2","23,318.3","23,729.8","23,284.0","9.78M","1.02%"
"11/03/2024","23,421.2","23,661.2","23,832.7","23,249.7","11.34M","-1.01%"
"08/03/2024","23,661.2","24,552.8","24,587.1","23,661.2","30.13M","-3.63%"
"07/03/2024","24,552.8","24,690.0","24,724.2","24,312.7","12.85M","-0.83%"
"06/03/2024","24,758.5","24,964.3","25,341.5","24,449.9","16.08M","-0.96%"
"05/03/2024","24,998.6","24,690.0","24,998.6","24,518.5","10.67M","1.25%"
"04/03/2024","24,690.0","24,415.6","25,307.2","24,107.0","25.41M","1.12%"
"01/03/2024","24,415.6","24,484.2","24,484.2","24,004.1","13.28M","0.14%"
"29/02/2024","24,381.3","24,827.1","24,895.7","24,141.3","18.51M","-1.11%"
"28/02/2024","24,655.7","24,964.3","24,998.6","24,449.9","14.19M","-0.55%"
"27/02/2024","24,792.8","24,484.2","24,895.7","24,312.7","13.11M","1.40%"
"26/02/2024","24,449.9","24,141.3","24,587.1","24,072.7","9.24M","1.28%"
"23/02/2024","24,141.3","24,552.8","25,478.7","24,004.1","37.26M","-1.40%"
"22/02/2024","24,484.2","24,484.2","24,518.5","24,175.6","10.21M","0.42%"
"21/02/2024","24,381.3","24,175.6","24,827.1","24,038.4","15.03M","0.99%"
"20/02/2024","24,141.3","24,209.9","24,415.6","23,798.4","9.88M","-0.56%"
"19/02/2024","24,278.5","24,072.7","24,347.0","23,661.2","15.44M","0.43%"
"16/02/2024","24,175.6","24,209.9","24,209.9","23,764.1","10.85M","0.71%"
"15/02/2024","24,004.1","24,415.6","24,552.8","24,004.1","12.80M","-1.41%"
"07/02/2024","24,347.0","23,592.6","24,895.7","23,592.6","19.58M","3.20%"
"06/02/2024","23,592.6","23,318.3","23,626.9","23,215.4","12.50M","1.47%"
"05/02/2024","23,249.7","21,775.2","23,249.7","21,775.2","31.36M","6.94%"
"02/02/2024","21,740.9","21,946.6","22,049.5","21,638.0","6.56M","-1.09%"
"01/02/2024","21,980.9","21,569.4","22,015.2","21,569.4","7.41M","1.42%"
"31/01/2024","21,672.3","22,255.2","22,289.5","21,466.5","17.25M","-1.86%"
"30/01/2024","22,083.8","22,186.7","22,255.2","21,980.9","5.41M","-0.31%"
"29/01/2024","22,152.4","22,015.2","22,461.0","21,946.6","8.50M","0.62%"
"26/01/2024","22,015.2","22,015.2","22,118.1","21,912.3","5.32M","0.16%"
"25/01/2024","21,980.9","21,946.6","22,015.2","21,672.3","7.47M","0.16%"
"24/01/2024","21,946.6","21,912.3","22,221.0","21,878.0","7.23M","-0.62%"
"23/01/2024","22,083.8","22,392.4","22,495.3","21,878.0","13.21M","-1.38%"
"22/01/2024","22,392.4","22,323.8","22,392.4","21,912.3","12.55M","0.15%"
"19/01/2024","22,358.1","21,740.9","22,358.1","21,569.4","20.41M","3.49%"
"18/01/2024","21,603.7","21,363.7","21,672.3","21,192.2","12.79M","1.12%"
"17/01/2024","21,363.7","21,295.1","21,603.7","21,260.8","9.75M","-0.80%"
"16/01/2024","21,535.1","21,295.1","21,535.1","21,123.6","10.76M","0.00%"
"15/01/2024","21,535.1","21,638.0","21,740.9","21,260.8","10.05M","-0.32%"
"12/01/2024","21,603.7","21,123.6","21,843.8","20,986.5","24.86M","1.61%"
"11/01/2024","21,260.8","21,329.4","21,603.7","20,849.3","14.10M","0.00%"
"10/01/2024","21,260.8","20,575.0","21,363.7","20,472.1","20.14M","3.33%"
"09/01/2024","20,575.0","20,300.6","20,677.8","20,094.9","20.76M","1.52%"
"08/01/2024","20,266.3","20,232.0","20,437.8","19,923.4","17.52M","1.90%"
"05/01/2024","19,889.1","19,717.7","19,992.0","19,683.4","12.68M","1.40%"
"04/01/2024","19,614.8","18,963.3","20,232.0","18,894.7","21.25M","3.62%"
"03/01/2024","18,929.0","18,654.6","18,929.0","18,551.8","4.52M","1.47%"
"02/01/2024","18,654.6","18,620.3","18,688.9","18,551.8","4.77M","0.37%"
"29/12/2023","18,586.0","18,654.6","18,757.5","18,586.0","6.73M","0.00%"
"28/12/2023","18,586.0","18,414.6","18,586.0","18,346.0","4.32M","0.93%"
"27/12/2023","18,414.6","18,380.3","18,448.9","18,346.0","4.35M","0.19%"
"26/12/2023","18,380.3","18,414.6","18,483.2","18,380.3","4.70M","-0.37%"
"25/12/2023","18,448.9","18,208.8","18,448.9","18,174.5","5.91M","1.70%"
"22/12/2023","18,140.3","18,174.5","18,243.1","18,071.7","3.14M","-0.38%"
"21/12/2023","18,208.8","18,106.0","18,243.1","18,003.1","3.73M","0.00%"
"20/12/2023","18,208.8","18,037.4","18,243.1","17,968.8","3.45M","0.19%"
"19/12/2023","18,174.5","17,900.2","18,174.5","17,797.3","3.34M","1.73%"
"18/12/2023","17,865.9","18,174.5","18,311.7","17,865.9","5.55M","-2.43%"
"15/12/2023","18,311.7","18,174.5","18,414.6","18,071.7","5.74M","-0.19%"
"14/12/2023","18,346.0","18,483.2","18,483.2","18,140.3","5.60M","0.00%"
"13/12/2023","18,346.0","18,620.3","18,757.5","18,311.7","5.25M","-0.93%"
"12/12/2023","18,517.5","18,448.9","18,517.5","18,311.7","4.84M","0.56%"
"11/12/2023","18,414.6","18,483.2","18,551.8","18,311.7","3.19M","-0.19%"
"08/12/2023","18,448.9","18,517.5","18,586.0","18,311.7","5.38M","0.00%"
"07/12/2023","18,448.9","18,346.0","18,586.0","18,208.8","8.18M","0.94%"
"06/12/2023","18,277.4","18,174.5","18,311.7","18,174.5","4.64M","0.57%"
"05/12/2023","18,174.5","18,243.1","18,311.7","18,174.5","3.69M","-0.19%"
"04/12/2023","18,208.8","18,140.3","18,243.1","18,003.1","11.05M","0.95%"
"01/12/2023","18,037.4","18,140.3","18,140.3","17,831.6","2.84M","0.00%"
"30/11/2023","18,037.4","18,037.4","18,311.7","17,934.5","3.84M","-0.04%"
"29/11/2023","18,044.7","17,983.4","18,136.8","17,922.0","4.12M","0.34%"
"28/11/2023","17,983.4","17,983.4","17,983.4","17,707.2","3.34M","-0.34%"
"27/11/2023","18,044.7","18,198.2","18,198.2","17,860.6","2.31M","-0.68%"
"24/11/2023","18,167.5","17,922.0","18,167.5","17,615.1","4.99M","1.37%"
"23/11/2023","17,922.0","18,259.6","18,259.6","17,922.0","3.09M","-1.35%"
"22/11/2023","18,167.5","18,106.1","18,228.9","18,014.1","2.99M","0.68%"
"21/11/2023","18,044.7","18,320.9","18,320.9","18,044.7","2.97M","-0.51%"
"20/11/2023","18,136.8","17,922.0","18,259.6","17,860.6","3.51M","-0.51%"
"17/11/2023","18,228.9","18,535.8","18,597.1","18,075.4","6.92M","-1.82%"
"16/11/2023","18,566.4","18,382.3","18,597.1","18,351.6","3.63M","0.17%"
"15/11/2023","18,535.8","18,474.4","18,781.3","18,474.4","8.68M","1.34%"
"14/11/2023","18,290.3","18,320.9","18,474.4","18,167.5","6.03M","1.36%"
"13/11/2023","18,044.7","17,983.4","18,136.8","17,922.0","5.06M","0.00%"
"10/11/2023","18,044.7","17,952.7","18,044.7","17,768.6","5.62M","-0.34%"
"09/11/2023","18,106.1","18,014.1","18,259.6","17,922.0","7.45M","0.85%"
"08/11/2023","17,952.7","17,553.7","17,952.7","17,338.9","4.74M","2.45%"
"07/11/2023","17,523.0","17,431.0","17,615.1","17,369.6","3.68M","0.00%"
"06/11/2023","17,523.0","17,400.3","17,615.1","17,400.3","3.78M","1.96%"
"03/11/2023","17,185.5","17,431.0","17,461.7","17,185.5","5.75M","-0.88%"
"02/11/2023","17,338.9","16,940.0","17,492.4","16,940.0","3.83M","3.10%"
"01/11/2023","16,817.2","17,062.7","17,062.7","16,755.8","4.91M","-1.08%"
"31/10/2023","17,001.3","17,032.0","17,185.5","16,940.0","4.58M","0.18%"
"30/10/2023","16,970.7","16,970.7","17,308.2","16,970.7","2.80M","-1.95%"
"27/10/2023","17,308.2","17,400.3","17,461.7","17,032.0","4.69M","-0.53%"
"26/10/2023","17,400.3","17,400.3","17,523.0","16,909.3","9.66M","-2.24%"
"25/10/2023","17,799.2","17,983.4","18,106.1","17,768.6","2.83M","-1.69%"
"24/10/2023","18,106.1","17,983.4","18,106.1","17,829.9","3.99M","0.68%"
"23/10/2023","17,983.4","18,044.7","18,044.7","17,676.5","2.57M","-0.34%"
"20/10/2023","18,044.7","17,461.7","18,259.6","17,124.1","5.82M","2.80%"
"19/10/2023","17,553.7","17,400.3","17,553.7","17,185.5","2.93M","0.88%"
"18/10/2023","17,400.3","17,553.7","17,676.5","17,216.2","3.44M","-0.87%"
"17/10/2023","17,553.7","17,799.2","17,891.3","17,553.7","2.67M","-0.69%"
"16/10/2023","17,676.5","17,952.7","17,983.4","17,676.5","3.27M","-1.71%"
"13/10/2023","17,983.4","17,983.4","18,167.5","17,799.2","2.36M","-1.01%"
"12/10/2023","18,167.5","18,228.9","18,259.6","18,014.1","3.38M","0.34%"
"11/10/2023","18,106.1","17,983.4","18,106.1","17,829.9","2.84M","0.68%"
"10/10/2023","17,983.4","18,014.1","18,136.8","17,922.0","4.80M","0.51%"
"09/10/2023","17,891.3","17,584.4","17,922.0","17,584.4","3.07M","1.57%"
"06/10/2023","17,615.1","17,492.4","17,645.8","17,093.4","5.10M","2.14%"
"05/10/2023","17,246.8","17,829.9","17,891.3","17,246.8","7.89M","-2.77%"
"04/10/2023","17,737.9","17,615.1","17,860.6","17,553.7","4.97M","-0.69%"
"03/10/2023","17,860.6","18,106.1","18,106.1","17,645.8","12.45M","-2.84%"
"02/10/2023","18,382.3","18,474.4","18,627.8","17,154.8","8.62M","-0.33%"
"29/09/2023","18,443.7","18,750.6","19,057.5","18,443.7","8.65M","-2.59%"
"28/09/2023","18,934.7","18,842.6","19,026.8","17,707.2","12.73M","-0.48%"
"27/09/2023","19,026.8","18,658.5","19,026.8","18,413.0","5.90M","2.31%"
"26/09/2023","18,597.1","18,351.6","18,934.7","18,259.6","8.49M","1.68%"
"25/09/2023","18,290.3","19,303.0","19,456.4","18,290.3","10.86M","-5.85%"
"22/09/2023","19,425.7","19,333.7","19,487.1","19,026.8","13.29M","-0.16%"
"21/09/2023","19,456.4","19,701.9","19,732.6","19,456.4","9.69M","-1.09%"
"20/09/2023","19,671.2","19,701.9","19,855.4","19,487.1","10.78M","-0.16%"
"19/09/2023","19,701.9","19,671.2","19,794.0","19,364.3","7.89M","0.16%"
"18/09/2023","19,671.2","20,100.9","20,100.9","19,517.8","14.06M","-2.14%"
"15/09/2023","20,100.9","20,315.7","20,561.2","20,039.5","10.48M","-1.36%"
"14/09/2023","20,377.1","20,100.9","20,653.3","20,100.9","22.83M","2.00%"
"13/09/2023","19,978.1","19,824.7","20,100.9","19,609.8","12.93M","0.77%"
"12/09/2023","19,824.7","19,640.5","19,824.7","19,487.1","6.35M","1.25%"
"11/09/2023","19,579.2","19,947.4","20,100.9","19,517.8","12.11M","-1.24%"
"08/09/2023","19,824.7","20,070.2","20,070.2","19,824.7","5.94M","-1.07%"
"07/09/2023","20,039.5","20,070.2","20,438.4","20,039.5","12.56M","0.00%"
"06/09/2023","20,039.5","20,070.2","20,100.9","19,794.0","7.21M","0.00%"
"05/09/2023","20,039.5","19,947.4","20,254.3","19,947.4","9.65M","0.62%"
"31/08/2023","19,916.7","19,732.6","20,008.8","19,732.6","8.52M","1.09%"
"30/08/2023","19,701.9","19,303.0","19,701.9","19,303.0","11.95M","2.72%"
"29/08/2023","19,180.2","19,272.3","19,517.8","19,180.2","6.02M","0.32%"
"28/08/2023","19,118.8","19,057.5","19,210.9","19,026.8","8.75M","0.00%"
"25/08/2023","19,118.8","19,487.1","19,487.1","19,057.5","13.94M","-1.89%"
"24/08/2023","19,487.1","19,333.7","19,579.2","19,088.1","8.14M","1.44%"
"23/08/2023","19,210.9","19,425.7","19,487.1","19,057.5","7.07M","-0.79%"
"22/08/2023","19,364.3","19,640.5","19,671.2","18,965.4","9.37M","-1.41%"
"21/08/2023","19,640.5","18,965.4","19,824.7","18,781.3","16.02M","4.23%"
"18/08/2023","18,842.6","19,824.7","19,916.7","18,842.6","22.14M","-5.83%"
"17/08/2023","20,008.8","19,886.0","20,192.9","19,794.0","15.78M","0.77%"
"16/08/2023","19,855.4","19,763.3","20,070.2","19,579.2","10.30M","-0.15%"
"15/08/2023","19,886.0","19,824.7","19,886.0","19,671.2","8.47M","0.31%"
"14/08/2023","19,824.7","19,701.9","19,886.0","19,456.4","10.30M","0.62%"
"11/08/2023","19,701.9","19,487.1","19,732.6","19,210.9","11.17M","1.42%"
"10/08/2023","19,425.7","19,947.4","20,039.5","19,395.0","12.92M","-2.62%"
"09/08/2023","19,947.4","19,947.4","20,008.8","19,671.2","12.95M","-0.31%"
"08/08/2023","20,008.8","20,162.2","20,162.2","19,824.7","14.17M","0.00%"
"07/08/2023","20,008.8","19,303.0","20,008.8","19,180.2","21.01M","5.16%"
"04/08/2023","19,026.8","19,026.8","19,026.8","18,812.0","12.21M","0.32%"
"03/08/2023","18,965.4","18,996.1","19,088.1","18,842.6","13.06M","-0.48%"
"02/08/2023","19,057.5","18,719.9","19,118.8","18,719.9","21.56M","2.14%"
"01/08/2023","18,658.5","18,535.8","18,904.0","18,474.4","23.02M","1.33%"
"31/07/2023","18,413.0","18,351.6","18,413.0","18,167.5","9.32M","1.69%"
"28/07/2023","18,106.1","18,044.7","18,106.1","17,983.4","8.44M","0.51%"
"27/07/2023","18,014.1","18,320.9","18,351.6","17,983.4","12.80M","-1.51%"
"26/07/2023","18,290.3","18,382.3","18,443.7","18,228.9","8.96M","-0.33%"
"25/07/2023","18,351.6","18,382.3","18,597.1","18,320.9","9.85M","0.17%"
"24/07/2023","18,320.9","18,351.6","18,474.4","18,259.6","8.35M","0.51%"
"21/07/2023","18,228.9","18,198.2","18,290.3","18,106.1","8.95M","0.17%"
"20/07/2023","18,198.2","18,351.6","18,351.6","18,136.8","7.42M","-0.84%"
"19/07/2023","18,351.6","18,413.0","18,443.7","18,106.1","10.89M","0.17%"
"18/07/2023","18,320.9","18,228.9","18,413.0","18,228.9","7.39M","0.51%"
"17/07/2023","18,228.9","18,351.6","18,382.3","18,136.8","10.64M","-0.67%"
"14/07/2023","18,351.6","18,413.0","18,535.8","18,044.7","12.88M","-0.33%"
"13/07/2023","18,413.0","18,535.8","18,535.8","18,320.9","8.57M","0.00%"
"12/07/2023","18,413.0","18,597.1","18,658.5","18,290.3","10.20M","-0.99%"
"11/07/2023","18,597.1","18,382.3","18,781.3","18,382.3","23.45M","2.02%"
"10/07/2023","18,228.9","18,259.6","18,290.3","18,106.1","11.25M","0.34%"
"07/07/2023","18,167.5","17,952.7","18,167.5","17,829.9","6.33M","0.85%"
"06/07/2023","18,014.1","18,136.8","18,167.5","17,707.2","10.25M","-0.68%"
"05/07/2023","18,136.8","18,136.8","18,228.9","18,014.1","5.81M","0.34%"
"04/07/2023","18,075.4","17,891.3","18,106.1","17,829.9","8.25M","0.68%"
"03/07/2023","17,952.7","18,106.1","18,167.5","17,922.0","5.14M","-0.85%"
"30/06/2023","18,106.1","18,228.9","18,259.6","18,014.1","9.05M","-1.34%"
"29/06/2023","18,351.6","18,413.0","18,474.4","18,106.1","8.41M","-0.33%"
"28/06/2023","18,413.0","18,044.7","18,535.8","18,014.1","13.95M","2.21%"
"27/06/2023","18,014.1","17,983.4","18,014.1","17,799.2","5.91M","0.34%"
"26/06/2023","17,952.7","17,829.9","18,075.4","17,737.9","10.44M","0.00%"
"23/06/2023","17,952.7","18,106.1","18,136.8","17,891.3","8.05M","-0.68%"
"22/06/2023","18,075.4","17,983.4","18,198.2","17,922.0","8.25M","1.03%"
"21/06/2023","17,891.3","17,860.6","17,983.4","17,707.2","7.39M","-0.17%"
"20/06/2023","17,922.0","17,584.4","17,922.0","17,523.0","4.50M","2.10%"
"19/06/2023","17,553.7","17,523.0","17,707.2","17,523.0","5.50M","0.35%"
"16/06/2023","17,492.4","17,829.9","17,922.0","17,492.4","12.01M","-1.72%"
"15/06/2023","17,799.2","17,615.1","18,014.1","17,615.1","11.61M","1.05%"
"14/06/2023","17,615.1","17,461.7","17,922.0","17,461.7","13.61M","1.41%"
"13/06/2023","17,369.6","17,400.3","17,461.7","17,308.2","5.19M","-0.35%"
"12/06/2023","17,431.0","17,431.0","17,461.7","17,093.4","9.11M","0.18%"
"09/06/2023","17,400.3","17,523.0","17,584.4","17,246.8","9.88M","-0.70%"
"08/06/2023","17,523.0","17,737.9","17,799.2","17,523.0","8.35M","-1.21%"
"07/06/2023","17,737.9","17,707.2","17,922.0","17,645.8","10.26M","0.70%"
"06/06/2023","17,615.1","17,707.2","17,799.2","17,553.7","8.58M","-0.17%"
"05/06/2023","17,645.8","17,737.9","17,829.9","17,584.4","7.19M","0.35%"
"02/06/2023","17,584.4","17,216.2","17,645.8","17,185.5","14.44M","2.50%"
"01/06/2023","17,154.8","17,185.5","17,246.8","17,093.4","3.87M","-0.18%"
"31/05/2023","17,185.5","17,216.2","17,216.2","17,062.7","4.39M","-0.18%"
"30/05/2023","17,216.2","17,246.8","17,277.5","17,124.1","4.76M","0.18%"
"29/05/2023","17,185.5","17,062.7","17,277.5","17,062.7","4.62M","0.72%"
"26/05/2023","17,062.7","16,940.0","17,062.7","16,878.6","2.88M","0.72%"
"25/05/2023","16,940.0","16,970.7","17,062.7","16,909.3","5.01M","-0.54%"
"24/05/2023","17,032.0","17,185.5","17,185.5","16,940.0","6.18M","-0.54%"
"23/05/2023","17,124.1","17,246.8","17,246.8","17,001.3","6.54M","-0.18%"
"22/05/2023","17,154.8","17,185.5","17,308.2","17,154.8","4.96M","-0.18%"
"19/05/2023","17,185.5","17,124.1","17,308.2","16,970.7","3.37M","0.90%"
"18/05/2023","17,032.0","17,001.3","17,124.1","16,878.6","7.51M","0.91%"
"17/05/2023","16,878.6","17,185.5","17,246.8","16,878.6","8.47M","-1.61%"
"16/05/2023","17,154.8","17,308.2","17,338.9","17,154.8","4.91M","-0.53%"
"15/05/2023","17,246.8","17,492.4","17,584.4","17,246.8","11.04M","-1.06%"
"12/05/2023","17,431.0","17,400.3","17,431.0","17,277.5","6.25M","0.18%"
"11/05/2023","17,400.3","17,431.0","17,461.7","17,338.9","4.81M","0.35%"
"10/05/2023","17,338.9","17,216.2","17,338.9","17,154.8","8.96M","0.89%"
"09/05/2023","17,185.5","17,216.2","17,338.9","17,185.5","4.64M","0.36%"
"08/05/2023","17,124.1","17,185.5","17,216.2","17,093.4","5.32M","0.18%"
"05/05/2023","17,093.4","17,338.9","17,369.6","17,062.7","6.01M","-1.42%"
"04/05/2023","17,338.9","17,553.7","17,553.7","17,308.2","3.39M","-2.08%"
"28/04/2023","17,707.2","17,492.4","17,707.2","17,492.4","7.07M","1.76%"
"27/04/2023","17,400.3","17,431.0","17,615.1","17,400.3","3.20M","-0.18%"
"26/04/2023","17,431.0","17,492.4","17,676.5","17,154.8","6.11M","-0.35%"
"25/04/2023","17,492.4","17,799.2","17,799.2","17,492.4","2.07M","-1.38%"
"24/04/2023","17,737.9","17,523.0","17,922.0","17,308.2","4.29M","1.05%"
"21/04/2023","17,553.7","17,492.4","17,645.8","17,492.4","1.51M","-0.52%"
"20/04/2023","17,645.8","17,584.4","17,645.8","17,431.0","2.15M","0.17%"
"19/04/2023","17,615.1","17,829.9","17,891.3","17,584.4","2.61M","-1.37%"
"18/04/2023","17,860.6","17,922.0","17,983.4","17,799.2","1.90M","-0.34%"
"17/04/2023","17,922.0","17,860.6","17,983.4","17,676.5","2.10M","0.34%"
"14/04/2023","17,860.6","18,075.4","18,106.1","17,860.6","2.44M","-1.02%"
"13/04/2023","18,044.7","18,044.7","18,106.1","17,860.6","2.12M","-0.34%"
"12/04/2023","18,106.1","18,228.9","18,228.9","18,044.7","2.22M","-0.34%"
"11/04/2023","18,167.5","18,075.4","18,167.5","17,922.0","1.88M","0.85%"
"10/04/2023","18,014.1","18,106.1","18,228.9","17,983.4","2.99M","-0.51%"
"07/04/2023","18,106.1","18,106.1","18,136.8","17,983.4","2.49M","-0.17%"
"06/04/2023","18,136.8","18,413.0","18,413.0","18,136.8","3.12M","-1.50%"
"05/04/2023","18,413.0","18,198.2","18,474.4","18,014.1","5.56M","1.18%"
"04/04/2023","18,198.2","18,382.3","18,382.3","18,136.8","3.59M","-1.00%"
"03/04/2023","18,382.3","18,106.1","18,443.7","18,044.7","6.03M","2.57%"
"31/03/2023","17,922.0","17,737.9","17,922.0","17,615.1","3.77M","0.69%"
"30/03/2023","17,799.2","17,860.6","17,922.0","17,676.5","2.34M","0.00%"
"29/03/2023","17,799.2","17,676.5","17,829.9","17,676.5","2.79M","0.35%"
"28/03/2023","17,737.9","17,645.8","17,799.2","17,645.8","3.07M","0.52%"
"27/03/2023","17,645.8","17,492.4","17,737.9","17,369.6","2.25M","0.88%"
"24/03/2023","17,492.4","17,615.1","17,707.2","17,369.6","4.10M","-0.70%"
"23/03/2023","17,615.1","17,308.2","17,615.1","17,246.8","2.60M","0.70%"
"22/03/2023","17,492.4","17,461.7","17,615.1","17,308.2","2.23M","0.71%"
"21/03/2023","17,369.6","17,553.7","17,553.7","17,185.5","1.71M","1.07%"
"20/03/2023","17,185.5","17,768.6","17,768.6","17,185.5","2.60M","-3.45%"
"17/03/2023","17,799.2","17,829.9","17,983.4","17,676.5","1.84M","0.17%"
"16/03/2023","17,768.6","17,799.2","17,922.0","17,492.4","3.48M","-1.86%"
"15/03/2023","18,106.1","17,983.4","18,167.5","17,829.9","4.52M","1.72%"
"14/03/2023","17,799.2","17,952.7","17,952.7","17,400.3","3.46M","-1.02%"
"13/03/2023","17,983.4","17,584.4","18,044.7","17,553.7","3.01M","0.34%"
"10/03/2023","17,922.0","17,952.7","17,952.7","17,615.1","2.61M","-0.68%"
"09/03/2023","18,044.7","18,044.7","18,228.9","17,952.7","3.82M","0.00%"
"08/03/2023","18,044.7","17,492.4","18,106.1","17,461.7","5.52M","1.38%"
"07/03/2023","17,799.2","17,400.3","17,799.2","17,400.3","4.66M","2.29%"
"06/03/2023","17,400.3","17,093.4","17,645.8","17,093.4","5.16M","1.98%"
"03/03/2023","17,062.7","17,185.5","17,185.5","16,847.9","2.83M","0.00%"
"02/03/2023","17,062.7","17,369.6","17,400.3","17,032.0","2.96M","-1.59%"
"01/03/2023","17,338.9","16,786.5","17,338.9","16,633.1","3.50M","3.10%"
"28/02/2023","16,817.2","17,062.7","17,185.5","16,817.2","2.06M","-0.54%"
"27/02/2023","16,909.3","17,308.2","17,308.2","16,847.9","2.83M","-2.48%"
"24/02/2023","17,338.9","17,737.9","17,737.9","17,338.9","3.54M","-2.59%"
"23/02/2023","17,799.2","17,492.4","17,799.2","17,369.6","6.60M","0.35%"
"22/02/2023","17,737.9","18,167.5","18,228.9","17,737.9","6.38M","-3.18%"
"21/02/2023","18,320.9","18,658.5","18,719.9","18,320.9","4.78M","-1.97%"
"20/02/2023","18,689.2","18,320.9","18,689.2","18,228.9","7.39M","2.70%"
"17/02/2023","18,198.2","18,228.9","18,351.6","18,044.7","3.62M","-0.17%"
"16/02/2023","18,228.9","17,829.9","18,382.3","17,768.6","4.69M","2.77%"
"15/02/2023","17,737.9","17,615.1","18,014.1","17,553.7","2.38M","0.70%"
"14/02/2023","17,615.1","17,983.4","18,044.7","17,615.1","2.83M","-1.54%"
"13/02/2023","17,891.3","17,707.2","17,983.4","17,676.5","3.45M","0.17%"
"10/02/2023","17,860.6","18,044.7","18,290.3","17,860.6","3.40M","-1.02%"
"09/02/2023","18,044.7","18,351.6","18,535.8","18,044.7","4.36M","-1.67%"
"08/02/2023","18,351.6","17,952.7","18,535.8","17,922.0","5.10M","2.40%"
"07/02/2023","17,922.0","18,290.3","18,535.8","17,891.3","5.26M","-2.34%"
"06/02/2023","18,351.6","17,676.5","18,351.6","17,523.0","4.25M","2.93%"
"03/02/2023","17,829.9","17,922.0","18,044.7","17,829.9","5.85M","-0.51%"
"02/02/2023","17,922.0","17,799.2","18,075.4","17,615.1","5.08M","0.69%"
"01/02/2023","17,799.2","18,719.9","18,812.0","17,492.4","7.02M","-4.92%"
"31/01/2023","18,719.9","18,228.9","18,719.9","18,106.1","5.57M","2.52%"
"30/01/2023","18,259.6","18,413.0","18,505.1","18,228.9","6.04M","-1.98%"
"27/01/2023","18,627.8","19,088.1","19,180.2","18,535.8","5.54M","-2.41%"
"19/01/2023","19,088.1","18,842.6","19,088.1","18,505.1","8.09M","1.14%"
"18/01/2023","18,873.3","18,781.3","18,934.7","18,658.5","5.18M","0.49%"
"17/01/2023","18,781.3","18,474.4","18,812.0","18,474.4","5.62M","2.00%"
"16/01/2023","18,413.0","17,860.6","18,413.0","17,737.9","8.64M","3.09%"
"13/01/2023","17,860.6","17,860.6","17,922.0","17,431.0","4.81M","0.69%"
"12/01/2023","17,737.9","17,860.6","17,922.0","17,645.8","3.99M","-0.69%"
"11/01/2023","17,860.6","17,553.7","17,891.3","17,553.7","5.54M","1.93%"
"10/01/2023","17,523.0","17,922.0","17,922.0","17,523.0","4.94M","-1.89%"
"09/01/2023","17,860.6","17,615.1","17,860.6","17,615.1","6.87M","1.75%"
"06/01/2023","17,553.7","17,492.4","17,952.7","17,216.2","10.89M","0.35%"
"05/01/2023","17,492.4","17,492.4","17,645.8","17,338.9","3.42M","0.00%"
"04/01/2023","17,492.4","17,185.5","17,737.9","17,124.1","9.35M","1.79%"
"03/01/2023","17,185.5","16,786.5","17,185.5","16,725.1","5.62M","2.75%"
"30/12/2022","16,725.1","16,571.7","16,786.5","16,418.3","2.25M","0.93%"
"29/12/2022","16,571.7","16,633.1","16,878.6","16,510.3","2.78M","-0.55%"
"28/12/2022","16,663.8","16,326.2","16,694.5","16,142.1","3.05M","2.07%"
"27/12/2022","16,326.2","16,019.3","16,418.3","15,957.9","4.19M","2.11%"
"26/12/2022","15,988.6","16,970.7","17,001.3","15,957.9","4.78M","-5.79%"
"23/12/2022","16,970.7","16,878.6","17,154.8","16,755.8","4.56M","0.18%"
"22/12/2022","16,940.0","16,878.6","17,277.5","16,878.6","5.41M","0.36%"
"21/12/2022","16,878.6","17,185.5","17,185.5","16,571.7","4.95M","-1.79%"
"20/12/2022","17,185.5","16,909.3","17,185.5","16,326.2","10.63M","1.63%"
"19/12/2022","16,909.3","17,185.5","17,492.4","16,909.3","8.35M","-1.78%"
"16/12/2022","17,216.2","17,032.0","17,338.9","17,032.0","5.20M","-0.71%"
"15/12/2022","17,338.9","17,124.1","17,338.9","17,124.1","5.70M","1.25%"
"14/12/2022","17,124.1","17,431.0","17,461.7","17,093.4","3.92M","-0.89%"
"13/12/2022","17,277.5","16,755.8","17,308.2","16,633.1","6.32M","2.55%"
"12/12/2022","16,847.9","17,185.5","17,308.2","16,847.9","6.22M","-2.14%"
"09/12/2022","17,216.2","17,062.7","17,216.2","16,602.4","8.06M","0.90%"
"08/12/2022","17,062.7","16,940.0","17,737.9","16,817.2","8.54M","1.65%"
"07/12/2022","16,786.5","16,510.3","17,062.7","16,418.3","6.63M","1.30%"
"06/12/2022","16,571.7","17,246.8","17,553.7","16,479.6","12.38M","-5.59%"
"05/12/2022","17,553.7","17,492.4","17,553.7","17,062.7","12.42M","2.33%"
"02/12/2022","17,154.8","16,142.1","17,154.8","15,988.6","14.45M","6.88%"
"01/12/2022","16,050.0","16,786.5","17,001.3","15,957.9","17.40M","-4.04%"
"30/11/2022","16,725.1","16,602.4","17,185.5","16,356.9","10.30M","-0.55%"
"29/11/2022","16,817.2","16,571.7","16,817.2","16,019.3","15.64M","0.37%"
"28/11/2022","16,755.8","16,019.3","16,847.9","16,019.3","17.92M","5.81%"
"25/11/2022","15,835.2","15,282.8","15,835.2","15,129.4","22.89M","4.88%"
"24/11/2022","15,098.7","14,883.8","15,098.7","14,607.7","6.69M","0.82%"
"23/11/2022","14,975.9","14,669.0","15,190.7","14,607.7","9.57M","2.09%"
"22/11/2022","14,669.0","14,669.0","15,282.8","14,423.5","12.36M","-0.83%"
"21/11/2022","14,791.8","15,160.0","15,221.4","14,791.8","9.18M","-2.43%"
"18/11/2022","15,160.0","15,068.0","15,344.2","14,423.5","18.77M","-1.20%"
"17/11/2022","15,344.2","15,344.2","15,835.2","15,129.4","18.87M","0.81%"
"16/11/2022","15,221.4","13,687.0","15,282.8","13,656.3","21.06M","5.98%"
"15/11/2022","14,362.1","14,484.9","14,669.0","13,656.3","17.28M","-2.09%"
"14/11/2022","14,669.0","14,239.4","14,945.2","13,963.2","14.60M","1.27%"
"11/11/2022","14,484.9","14,577.0","14,914.5","14,362.1","15.82M","3.74%"
"10/11/2022","13,963.2","14,791.8","14,914.5","13,963.2","15.55M","-6.95%"
"09/11/2022","15,006.6","14,791.8","15,252.1","14,730.4","16.50M","2.52%"
"08/11/2022","14,638.3","14,116.6","14,822.5","14,116.6","10.14M","2.14%"
"07/11/2022","14,331.5","14,914.5","15,037.3","14,147.3","11.37M","-4.69%"
"04/11/2022","15,037.3","14,362.1","15,037.3","13,502.9","22.56M","3.81%"
"03/11/2022","14,484.9","14,454.2","14,791.8","14,423.5","12.10M","-1.67%"
"02/11/2022","14,730.4","14,761.1","15,068.0","14,638.3","8.71M","-1.84%"
"01/11/2022","15,006.6","15,160.0","15,620.4","14,975.9","14.27M","-0.61%"
"31/10/2022","15,098.7","14,914.5","15,129.4","14,331.5","16.36M","2.29%"
"28/10/2022","14,761.1","14,914.5","15,282.8","14,730.4","12.33M","0.42%"
"27/10/2022","14,699.7","13,963.2","14,699.7","13,809.8","12.94M","6.92%"
"26/10/2022","13,748.4","13,779.1","14,239.4","13,717.7","5.58M","-0.22%"
"25/10/2022","13,779.1","13,011.9","13,779.1","12,858.4","13.97M","6.90%"
"24/10/2022","12,889.1","13,318.7","13,502.9","12,766.4","7.99M","-3.00%"
"21/10/2022","13,288.1","14,270.1","14,270.1","13,288.1","10.76M","-6.88%"
"20/10/2022","14,270.1","14,239.4","14,546.3","13,901.8","6.27M","0.22%"
"19/10/2022","14,239.4","14,116.6","14,331.5","13,840.4","6.65M","0.87%"
"18/10/2022","14,116.6","14,055.3","14,362.1","14,024.6","6.30M","2.00%"
"17/10/2022","13,840.4","13,871.1","13,963.2","13,441.5","7.62M","-0.66%"
"14/10/2022","13,932.5","14,024.6","14,085.9","13,779.1","9.15M","1.34%"
"13/10/2022","13,748.4","13,073.2","13,748.4","12,981.2","10.09M","5.91%"
"12/10/2022","12,981.2","12,275.3","12,981.2","12,214.0","7.63M","6.82%"
"11/10/2022","12,152.6","12,705.0","12,735.7","11,968.5","8.88M","-4.35%"
"10/10/2022","12,705.0","12,091.2","12,858.4","11,968.5","7.96M","3.76%"
"07/10/2022","12,244.6","13,073.2","13,073.2","12,244.6","13.55M","-6.78%"
"06/10/2022","13,134.6","13,502.9","13,656.3","13,042.5","6.88M","-2.73%"
"05/10/2022","13,502.9","13,073.2","13,625.6","13,073.2","6.91M","6.02%"
"04/10/2022","12,735.7","13,502.9","13,932.5","12,582.2","9.11M","-3.94%"
"03/10/2022","13,257.4","13,932.5","14,116.6","13,257.4","9.20M","-6.90%"
"30/09/2022","14,239.4","13,901.8","14,270.1","13,779.1","8.69M","2.65%"
"29/09/2022","13,871.1","14,454.2","14,669.0","13,871.1","5.52M","-3.00%"
"28/09/2022","14,300.8","14,362.1","14,577.0","14,300.8","4.39M","-0.64%"
"27/09/2022","14,392.8","14,423.5","14,669.0","14,300.8","3.95M","-0.21%"
"26/09/2022","14,423.5","15,160.0","15,160.0","14,270.1","10.41M","-6.00%"
"23/09/2022","15,344.2","15,589.7","15,712.4","15,344.2","2.57M","-1.57%"
"22/09/2022","15,589.7","15,528.3","15,712.4","15,344.2","5.18M","-0.59%"
"21/09/2022","15,681.7","15,896.6","15,927.2","15,651.1","2.02M","-1.73%"
"20/09/2022","15,957.9","15,712.4","15,957.9","15,712.4","3.23M","1.96%"
"19/09/2022","15,651.1","15,927.2","16,050.0","15,497.6","3.79M","-2.67%"
"16/09/2022","16,080.7","16,326.2","16,510.3","16,080.7","3.21M","-2.60%"
"15/09/2022","16,510.3","16,571.7","16,755.8","16,510.3","2.06M","-0.37%"
"14/09/2022","16,571.7","16,571.7","16,694.5","16,510.3","3.42M","-1.82%"
"13/09/2022","16,878.6","16,633.1","16,970.7","16,602.4","3.89M","1.66%"
"12/09/2022","16,602.4","16,571.7","16,725.1","16,571.7","2.59M","0.74%"
"09/09/2022","16,479.6","16,541.0","16,694.5","16,172.8","2.94M","0.00%"
"08/09/2022","16,479.6","16,878.6","16,940.0","16,479.6","5.91M","-1.83%"
"07/09/2022","16,786.5","17,338.9","17,431.0","16,786.5","6.88M","-3.19%"
"06/09/2022","17,338.9","17,124.1","17,584.4","17,124.1","4.88M","1.07%"
"05/09/2022","17,154.8","17,338.9","17,400.3","17,124.1","2.84M","-1.06%"
"31/08/2022","17,338.9","17,369.6","17,492.4","17,124.1","3.35M","-0.53%"
"30/08/2022","17,431.0","17,124.1","17,523.0","17,124.1","5.81M","1.79%"
"29/08/2022","17,124.1","17,277.5","17,308.2","16,940.0","6.66M","-1.93%"
"26/08/2022","17,461.7","17,737.9","17,737.9","17,400.3","6.33M","-0.87%"
"25/08/2022","17,615.1","17,400.3","17,615.1","17,246.8","6.74M","1.77%"
"24/08/2022","17,308.2","17,400.3","17,523.0","17,277.5","5.06M","0.71%"
"23/08/2022","17,185.5","17,062.7","17,277.5","16,970.7","6.92M","0.00%"
"22/08/2022","17,185.5","17,338.9","17,431.0","17,093.4","8.95M","-0.88%"
"19/08/2022","17,338.9","17,584.4","17,829.9","17,308.2","7.92M","-1.74%"
"18/08/2022","17,645.8","17,860.6","17,891.3","17,645.8","5.89M","-1.20%"
"17/08/2022","17,860.6","17,983.4","18,075.4","17,860.6","5.92M","-0.34%"
"16/08/2022","17,922.0","18,075.4","18,106.1","17,860.6","6.20M","-0.85%"
"15/08/2022","18,075.4","17,707.2","18,075.4","17,676.5","10.06M","2.79%"
"12/08/2022","17,584.4","17,523.0","17,615.1","17,431.0","2.94M","0.53%"
"11/08/2022","17,492.4","17,645.8","17,799.2","17,431.0","6.99M","0.18%"
"10/08/2022","17,461.7","17,553.7","17,707.2","17,400.3","5.92M","-1.22%"
"09/08/2022","17,676.5","17,829.9","17,860.6","17,584.4","5.67M","-0.69%"
"08/08/2022","17,799.2","17,829.9","17,952.7","17,707.2","5.05M","0.00%"
"05/08/2022","17,799.2","17,737.9","17,860.6","17,615.1","4.77M","0.52%"
"04/08/2022","17,707.2","17,922.0","17,983.4","17,645.8","8.47M","-0.86%"
"03/08/2022","17,860.6","17,431.0","17,952.7","17,369.6","9.92M","1.75%"
"02/08/2022","17,553.7","17,553.7","17,768.6","17,400.3","7.39M","-0.35%"
"01/08/2022","17,615.1","16,909.3","17,615.1","16,909.3","13.96M","5.51%"
"29/07/2022","16,694.5","17,032.0","17,185.5","16,694.5","8.83M","-1.45%"
"28/07/2022","16,940.0","16,694.5","17,308.2","16,571.7","14.86M","2.22%"
"27/07/2022","16,571.7","16,203.4","16,571.7","16,111.4","2.58M","1.69%"
"26/07/2022","16,295.5","16,479.6","16,510.3","16,264.8","3.50M","-0.19%"
"25/07/2022","16,326.2","16,418.3","16,633.1","16,326.2","3.59M","-1.12%"
"22/07/2022","16,510.3","16,940.0","16,970.7","16,510.3","5.26M","-2.18%"
"21/07/2022","16,878.6","16,602.4","16,878.6","16,602.4","7.80M","1.66%"
"20/07/2022","16,602.4","16,541.0","16,786.5","16,326.2","6.98M","1.88%"
"19/07/2022","16,295.5","16,418.3","16,510.3","16,142.1","4.37M","-1.30%"
"18/07/2022","16,510.3","16,633.1","16,694.5","16,510.3","5.62M","-0.37%"
"15/07/2022","16,571.7","16,694.5","16,878.6","16,571.7","11.35M","0.00%"
"14/07/2022","16,571.7","16,264.8","16,694.5","16,142.1","8.50M","1.69%"
"13/07/2022","16,295.5","15,804.5","16,541.0","15,804.5","6.25M","3.31%"
"12/07/2022","15,773.8","15,651.1","15,957.9","15,589.7","5.84M","0.78%"
"11/07/2022","15,651.1","15,865.9","15,865.9","15,620.4","3.93M","-1.54%"
"08/07/2022","15,896.6","16,264.8","16,356.9","15,804.5","4.29M","-1.52%"
"07/07/2022","16,142.1","15,896.6","16,449.0","15,835.2","5.39M","1.74%"
"06/07/2022","15,865.9","16,111.4","16,510.3","15,835.2","6.81M","-4.26%"
"05/07/2022","16,571.7","16,295.5","16,878.6","16,295.5","7.98M","1.50%"
"04/07/2022","16,326.2","16,663.8","16,663.8","16,326.2","6.48M","-1.30%"
"01/07/2022","16,541.0","16,080.7","16,571.7","15,681.7","5.71M","3.06%"
"30/06/2022","16,050.0","16,449.0","16,541.0","16,019.3","4.84M","-2.61%"
"29/06/2022","16,479.6","16,295.5","16,571.7","16,295.5","6.09M","0.56%"
"28/06/2022","16,387.6","15,651.1","16,786.5","15,313.5","14.29M","4.30%"
"27/06/2022","15,712.4","15,190.7","15,743.1","15,160.0","6.30M","3.43%"
"24/06/2022","15,190.7","15,497.6","15,651.1","15,160.0","4.76M","-1.98%"
"23/06/2022","15,497.6","14,423.5","15,497.6","14,423.5","7.55M","6.99%"
"22/06/2022","14,484.9","14,331.5","14,730.4","14,331.5","4.48M","2.39%"
"21/06/2022","14,147.3","13,809.8","14,454.2","13,809.8","7.42M","1.99%"
"20/06/2022","13,871.1","14,362.1","14,638.3","13,871.1","7.65M","-4.03%"
"17/06/2022","14,454.2","14,730.4","14,822.5","14,147.3","5.09M","-4.66%"
"16/06/2022","15,160.0","15,221.4","15,466.9","15,037.3","3.58M","0.82%"
"15/06/2022","15,037.3","15,344.2","15,589.7","14,761.1","5.18M","-2.97%"
"14/06/2022","15,497.6","15,344.2","15,804.5","15,160.0","4.63M","0.00%"
"13/06/2022","15,497.6","16,264.8","16,326.2","15,497.6","11.16M","-6.83%"
"10/06/2022","16,633.1","16,878.6","16,940.0","16,633.1","5.00M","-2.17%"
"09/06/2022","17,001.3","17,124.1","17,124.1","16,878.6","4.16M","0.00%"
"08/06/2022","17,001.3","16,817.2","17,246.8","16,755.8","8.62M","1.09%"
"07/06/2022","16,817.2","16,694.5","16,817.2","16,264.8","4.67M","0.74%"
"06/06/2022","16,694.5","16,817.2","17,032.0","16,694.5","6.07M","-0.73%"
"03/06/2022","16,817.2","16,817.2","16,940.0","16,479.6","3.59M","-1.26%"
"02/06/2022","17,032.0","17,032.0","17,185.5","16,755.8","7.10M","0.00%"
"01/06/2022","17,032.0","16,909.3","17,185.5","16,878.6","6.69M","-0.54%"
"31/05/2022","17,124.1","16,602.4","17,154.8","16,571.7","9.79M","2.20%"
"30/05/2022","16,755.8","16,602.4","16,817.2","16,571.7","4.56M","1.11%"
"27/05/2022","16,571.7","16,571.7","16,725.1","16,387.6","6.35M","1.12%"
"26/05/2022","16,387.6","16,725.1","16,725.1","16,295.5","6.11M","-0.74%"
"25/05/2022","16,510.3","15,957.9","16,571.7","15,957.9","7.28M","3.46%"
"24/05/2022","15,957.9","15,344.2","15,957.9","15,344.2","7.19M","4.00%"
"23/05/2022","15,344.2","15,927.2","16,080.7","15,344.2","6.80M","-3.47%"
"20/05/2022","15,896.6","16,019.3","16,234.1","15,865.9","8.16M","-0.77%"
"19/05/2022","16,019.3","15,957.9","16,203.4","15,835.2","6.90M","-1.88%"
"18/05/2022","16,326.2","16,295.5","16,725.1","16,142.1","10.39M","1.33%"
"17/05/2022","16,111.4","14,975.9","16,111.4","14,975.9","9.55M","6.92%"
"16/05/2022","15,068.0","15,344.2","15,559.0","15,037.3","8.44M","2.72%"
"13/05/2022","14,669.0","15,344.2","15,436.2","14,423.5","12.99M","-4.40%"
"12/05/2022","15,344.2","15,988.6","16,326.2","15,252.1","10.30M","-6.37%"
"11/05/2022","16,387.6","15,559.0","16,510.3","15,466.9","9.16M","5.95%"
"10/05/2022","15,466.9","14,730.4","15,528.3","14,730.4","10.50M","0.20%"
"09/05/2022","15,436.2","16,387.6","16,449.0","15,436.2","8.78M","-6.85%"
"06/05/2022","16,571.7","16,755.8","17,124.1","16,571.7","3.77M","-3.23%"
"05/05/2022","17,124.1","16,817.2","17,124.1","16,571.7","7.44M","3.33%"
"04/05/2022","16,571.7","17,032.0","17,185.5","16,510.3","7.44M","-2.70%"
"29/04/2022","17,032.0","17,093.4","17,400.3","17,032.0","9.61M","-1.60%"
"28/04/2022","17,308.2","17,369.6","17,461.7","17,154.8","3.35M","-0.35%"
"27/04/2022","17,369.6","16,970.7","17,369.6","16,878.6","5.46M","2.35%"
"26/04/2022","16,970.7","16,571.7","17,032.0","15,651.1","9.66M","1.10%"
"25/04/2022","16,786.5","18,014.1","18,014.1","16,786.5","10.16M","-6.97%"
"22/04/2022","18,044.7","18,075.4","18,167.5","17,737.9","5.79M","1.38%"
"21/04/2022","17,799.2","17,553.7","18,106.1","17,431.0","8.58M","1.05%"
"20/04/2022","17,615.1","17,645.8","17,983.4","17,523.0","6.88M","-0.17%"
"19/04/2022","17,645.8","18,106.1","18,351.6","17,645.8","7.49M","-1.54%"
"18/04/2022","17,922.0","18,965.4","18,965.4","17,922.0","13.58M","-5.81%"
"15/04/2022","19,026.8","19,303.0","19,303.0","18,965.4","8.20M","-0.64%"
"14/04/2022","19,149.5","19,333.7","19,579.2","19,118.8","4.73M","-0.95%"
"13/04/2022","19,333.7","19,149.5","19,425.7","19,149.5","6.77M","1.61%"
"12/04/2022","19,026.8","19,732.6","19,763.3","19,026.8","9.20M","-3.28%"
"08/04/2022","19,671.2","19,947.4","19,978.1","19,671.2","8.62M","-1.54%"
"07/04/2022","19,978.1","20,070.2","20,254.3","19,855.4","9.83M","-0.15%"
"06/04/2022","20,008.8","19,701.9","20,039.5","19,701.9","9.33M","0.77%"
"05/04/2022","19,855.4","19,947.4","20,131.6","19,855.4","9.82M","-1.52%"
"04/04/2022","20,162.2","20,499.8","20,499.8","20,162.2","10.79M","-0.61%"
"01/04/2022","20,285.0","19,947.4","20,346.4","19,916.7","14.00M","1.85%"
"31/03/2022","19,916.7","19,701.9","20,008.8","19,701.9","7.75M","1.25%"
"30/03/2022","19,671.2","19,579.2","19,978.1","19,548.5","8.14M","0.16%"
"29/03/2022","19,640.5","19,640.5","19,701.9","19,579.2","4.82M","0.63%"
"28/03/2022","19,517.8","19,763.3","19,978.1","19,517.8","10.31M","-1.24%"
"25/03/2022","19,763.3","19,947.4","20,070.2","19,701.9","8.98M","-1.08%"
"24/03/2022","19,978.1","20,131.6","20,192.9","19,978.1","7.26M","-0.91%"
"23/03/2022","20,162.2","20,254.3","20,530.5","20,162.2","6.50M","-0.45%"
"22/03/2022","20,254.3","20,131.6","20,407.7","20,131.6","9.84M","0.46%"
"21/03/2022","20,162.2","20,131.6","20,223.6","19,978.1","5.57M","0.15%"
"18/03/2022","20,131.6","20,192.9","20,377.1","20,131.6","6.83M","0.31%"
"17/03/2022","20,070.2","19,824.7","20,223.6","19,763.3","13.50M","2.19%"
"16/03/2022","19,640.5","19,794.0","19,855.4","19,640.5","7.01M","0.16%"
"15/03/2022","19,609.8","19,609.8","19,794.0","19,548.5","5.95M","0.16%"
"14/03/2022","19,579.2","19,824.7","19,886.0","19,517.8","8.05M","-1.09%"
"11/03/2022","19,794.0","19,701.9","19,886.0","19,671.2","6.03M","0.47%"
"10/03/2022","19,701.9","19,947.4","20,070.2","19,701.9","6.16M","0.31%"
"09/03/2022","19,640.5","19,701.9","19,855.4","19,456.4","9.27M","-0.16%"
"08/03/2022","19,671.2","19,640.5","19,916.7","19,609.8","11.60M","-0.31%"
"07/03/2022","19,732.6","19,701.9","19,947.4","19,701.9","16.00M","-1.83%"
"04/03/2022","20,100.9","20,039.5","20,223.6","19,886.0","9.59M","0.46%"
"03/03/2022","20,008.8","19,701.9","20,008.8","19,671.2","10.57M","1.87%"
"02/03/2022","19,640.5","20,377.1","20,407.7","19,579.2","33.01M","-3.90%"
"01/03/2022","20,438.4","20,438.4","20,622.6","20,346.4","12.50M","0.45%"
"28/02/2022","20,346.4","20,776.0","20,776.0","20,346.4","20.56M","-2.07%"
"25/02/2022","20,776.0","20,929.4","21,052.2","20,683.9","16.51M","0.00%"
"24/02/2022","20,776.0","21,236.3","21,297.7","20,315.7","26.63M","-2.87%"
"23/02/2022","21,389.8","21,420.5","21,573.9","21,297.7","10.88M","0.72%"
"22/02/2022","21,236.3","20,868.1","21,297.7","20,714.6","14.55M","0.58%"
"21/02/2022","21,113.6","21,236.3","21,389.8","20,745.3","19.42M","-0.58%"
"18/02/2022","21,236.3","21,267.0","21,451.2","21,205.6","13.42M","-0.86%"
"17/02/2022","21,420.5","21,328.4","21,573.9","21,267.0","9.61M","0.72%"
"16/02/2022","21,267.0","21,666.0","21,727.3","21,205.6","12.70M","-0.86%"
"15/02/2022","21,451.2","21,359.1","21,604.6","21,175.0","21.51M","1.01%"
"14/02/2022","21,236.3","22,310.4","22,402.5","21,236.3","24.43M","-5.98%"
"11/02/2022","22,586.6","22,617.3","22,893.5","22,586.6","16.82M","0.14%"
"10/02/2022","22,555.9","22,341.1","22,648.0","22,157.0","14.53M","1.10%"
"09/02/2022","22,310.4","22,402.5","22,770.8","22,310.4","14.87M","-0.41%"
"08/02/2022","22,402.5","22,218.4","22,709.4","22,126.3","14.70M","0.55%"
"07/02/2022","22,279.7","22,954.9","22,954.9","22,279.7","24.05M","-1.63%"
"28/01/2022","22,648.0","22,586.6","22,954.9","22,525.2","14.11M","0.00%"
"27/01/2022","22,648.0","22,801.4","23,108.3","22,525.2","18.97M","-1.99%"
"26/01/2022","23,108.3","23,016.3","23,445.9","22,740.1","35.53M","1.76%"
"25/01/2022","22,709.4","21,850.1","22,709.4","21,850.1","30.47M","3.79%"
"24/01/2022","21,880.8","21,788.7","22,371.8","21,696.7","28.24M","0.28%"
"21/01/2022","21,819.4","21,543.2","22,402.5","21,359.1","24.93M","1.28%"
"20/01/2022","21,543.2","20,561.2","21,758.0","20,315.7","22.26M","3.85%"
"19/01/2022","20,745.3","21,420.5","21,573.9","20,714.6","15.74M","-2.17%"
"18/01/2022","21,205.6","21,297.7","21,880.8","20,990.8","24.36M","-1.29%"
"17/01/2022","21,481.8","21,850.1","22,555.9","21,052.2","44.44M","-1.27%"
"14/01/2022","21,758.0","21,481.8","21,972.9","21,236.3","14.96M","0.85%"
"13/01/2022","21,573.9","21,113.6","22,218.4","20,960.1","56.76M","2.93%"
"12/01/2022","20,960.1","20,254.3","20,990.8","19,794.0","20.66M","3.48%"
"11/01/2022","20,254.3","20,561.2","20,683.9","20,100.9","11.41M","-0.90%"
"10/01/2022","20,438.4","20,438.4","20,653.3","20,285.0","13.42M","0.30%"
"07/01/2022","20,377.1","20,868.1","21,144.3","20,315.7","20.06M","-2.35%"
"06/01/2022","20,868.1","21,175.0","21,205.6","20,776.0","19.00M","-2.16%"
"05/01/2022","21,328.4","21,481.8","21,604.6","21,297.7","16.88M","0.00%"
"04/01/2022","21,328.4","21,144.3","21,451.2","20,990.8","19.44M","2.51%"
"31/12/2021","20,806.7","20,868.1","21,420.5","20,806.7","21.43M","0.30%"
"30/12/2021","20,745.3","20,929.4","21,113.6","20,745.3","10.16M","-1.02%"
"29/12/2021","20,960.1","20,868.1","21,144.3","20,806.7","16.53M","0.74%"
"28/12/2021","20,806.7","20,561.2","21,021.5","20,499.8","21.96M","1.50%"
"27/12/2021","20,499.8","20,254.3","20,530.5","20,162.2","13.10M","1.52%"
"24/12/2021","20,192.9","19,609.8","20,254.3","19,548.5","10.73M","2.17%"
"23/12/2021","19,763.3","19,456.4","19,763.3","19,057.5","14.44M","1.74%"
"22/12/2021","19,425.7","19,794.0","19,794.0","19,364.3","15.10M","-1.09%"
"21/12/2021","19,640.5","19,886.0","20,070.2","19,640.5","11.09M","-1.39%"
"20/12/2021","19,916.7","20,192.9","20,254.3","19,886.0","7.95M","-1.52%"
"17/12/2021","20,223.6","19,947.4","20,377.1","19,824.7","12.99M","1.38%"
"16/12/2021","19,947.4","19,916.7","20,070.2","19,763.3","10.79M","0.78%"
"15/12/2021","19,794.0","19,886.0","20,070.2","19,763.3","8.73M","-0.46%"
"14/12/2021","19,886.0","20,254.3","20,285.0","19,855.4","11.77M","-0.92%"
"13/12/2021","20,070.2","20,309.8","20,429.6","20,070.2","13.12M","-0.15%"
"10/12/2021","20,100.1","20,249.9","20,489.5","20,070.2","9.54M","-0.59%"
"09/12/2021","20,219.9","19,770.6","20,219.9","19,710.7","9.61M","2.27%"
"08/12/2021","19,770.6","19,740.7","19,920.4","19,590.9","10.34M","0.92%"
"07/12/2021","19,590.9","19,471.1","19,710.7","19,381.2","10.21M","1.87%"
"06/12/2021","19,231.4","19,770.6","19,980.3","18,931.9","20.77M","-2.73%"
"03/12/2021","19,770.6","20,489.5","20,489.5","19,770.6","15.88M","-2.37%"
"02/12/2021","20,249.9","20,609.4","20,819.1","20,249.9","12.70M","-0.59%"
"01/12/2021","20,369.7","20,100.1","20,369.7","19,920.4","14.68M","1.34%"
"30/11/2021","20,100.1","20,968.8","21,028.7","19,950.3","17.89M","-2.04%"
"29/11/2021","20,519.5","20,100.1","20,789.1","20,100.1","22.24M","-0.15%"
"26/11/2021","20,549.5","21,088.7","21,238.4","20,429.6","24.57M","-2.42%"
"25/11/2021","21,058.7","21,448.1","21,448.1","20,998.8","23.03M","-0.71%"
"24/11/2021","21,208.5","20,489.5","21,208.5","20,399.7","41.18M","3.81%"
"23/11/2021","20,429.6","20,639.3","20,639.3","20,190.0","15.93M","-1.16%"
"22/11/2021","20,669.3","19,800.6","20,879.0","19,770.6","45.02M","5.18%"
"19/11/2021","19,650.8","19,291.3","19,890.4","19,261.4","35.04M","2.02%"
"18/11/2021","19,261.4","19,321.3","19,471.1","19,111.6","16.05M","-0.31%"
"17/11/2021","19,321.3","19,441.1","19,471.1","19,261.4","10.87M","-0.46%"
"16/11/2021","19,411.1","19,351.2","19,620.8","19,291.3","14.29M","-0.31%"
"15/11/2021","19,471.1","19,770.6","19,860.5","19,321.3","15.44M","-0.61%"
"12/11/2021","19,590.9","19,021.7","19,590.9","18,931.9","17.57M","2.35%"
"11/11/2021","19,141.5","19,411.1","19,471.1","18,871.9","22.66M","-1.69%"
"10/11/2021","19,471.1","19,770.6","19,830.5","19,471.1","13.76M","-1.37%"
"09/11/2021","19,740.7","19,740.7","19,980.3","19,620.8","25.20M","0.46%"
"08/11/2021","19,650.8","19,590.9","19,740.7","19,171.5","18.13M","0.31%"
"05/11/2021","19,590.9","19,620.8","19,650.8","19,291.3","16.96M","0.31%"
"04/11/2021","19,531.0","19,890.4","19,890.4","19,501.0","18.38M","-1.21%"
"03/11/2021","19,770.6","19,471.1","19,920.4","19,381.2","33.59M","1.85%"
"02/11/2021","19,411.1","19,291.3","19,531.0","19,201.5","19.11M","0.62%"
"01/11/2021","19,291.3","19,051.7","19,411.1","18,931.9","29.05M","2.22%"
"29/10/2021","18,871.9","18,871.9","19,021.7","18,722.2","21.04M","0.64%"
"28/10/2021","18,752.1","18,782.1","18,812.0","18,572.4","23.27M","0.64%"
"27/10/2021","18,632.3","18,093.1","18,692.2","17,943.3","31.69M","4.01%"
"26/10/2021","17,913.4","17,913.4","18,153.0","17,793.6","9.64M","0.00%"
"25/10/2021","17,913.4","17,763.6","18,063.2","17,583.9","13.20M","0.84%"
"22/10/2021","17,763.6","17,853.5","17,913.4","17,763.6","6.91M","-0.34%"
"21/10/2021","17,823.5","18,003.2","18,033.2","17,823.5","11.91M","-0.83%"
"20/10/2021","17,973.3","18,212.9","18,212.9","17,703.7","14.97M","-0.99%"
"19/10/2021","18,153.0","18,212.9","18,302.8","18,093.1","11.19M","0.33%"
"18/10/2021","18,093.1","18,422.6","18,482.5","18,063.2","15.77M","-1.47%"
"15/10/2021","18,362.7","18,392.7","18,542.4","18,272.8","13.33M","0.16%"
"14/10/2021","18,332.8","18,392.7","18,512.5","18,272.8","13.79M","-0.33%"
"13/10/2021","18,392.7","18,452.6","18,752.1","18,392.7","11.33M","-0.32%"
"12/10/2021","18,452.6","18,662.3","18,871.9","18,422.6","17.48M","-0.65%"
"11/10/2021","18,572.4","17,733.6","18,572.4","17,733.6","27.38M","5.26%"
"08/10/2021","17,643.8","17,673.7","17,763.6","17,583.9","10.67M","0.34%"
"07/10/2021","17,583.9","17,613.8","17,763.6","17,524.0","12.80M","0.17%"
"06/10/2021","17,553.9","17,823.5","17,853.5","17,404.1","11.13M","-0.68%"
"05/10/2021","17,673.7","17,374.2","17,703.7","17,374.2","14.08M","2.79%"
"04/10/2021","17,194.4","17,733.6","17,793.6","17,194.4","32.62M","-3.53%"
"01/10/2021","17,823.5","18,212.9","18,302.8","17,793.6","19.55M","-2.14%"
"30/09/2021","18,212.9","18,212.9","18,482.5","18,212.9","10.86M","0.00%"
"29/09/2021","18,212.9","18,542.4","18,572.4","18,183.0","16.62M","-1.78%"
"28/09/2021","18,542.4","18,452.6","18,602.3","18,392.7","10.87M","-0.16%"
"27/09/2021","18,572.4","19,051.7","19,111.6","18,572.4","12.54M","-2.21%"
"24/09/2021","18,991.8","18,991.8","19,111.6","18,931.9","10.26M","0.32%"
"23/09/2021","18,931.9","18,871.9","19,111.6","18,812.0","13.21M","0.80%"
"22/09/2021","18,782.1","18,812.0","18,901.9","18,662.3","12.47M","-0.48%"
"21/09/2021","18,871.9","18,871.9","18,991.8","18,752.1","13.15M","-1.10%"
"20/09/2021","19,081.6","19,351.2","19,351.2","19,081.6","14.13M","0.16%"
"17/09/2021","19,051.7","19,021.7","19,261.4","18,991.8","11.04M","0.47%"
"16/09/2021","18,961.8","18,871.9","19,201.5","18,812.0","10.30M","1.61%"
"15/09/2021","18,662.3","18,572.4","18,871.9","18,572.4","11.52M","-0.16%"
"14/09/2021","18,692.2","19,111.6","19,201.5","18,692.2","14.54M","-2.04%"
"13/09/2021","19,081.6","19,321.3","19,381.2","19,051.7","13.67M","-1.39%"
"10/09/2021","19,351.2","19,471.1","19,590.9","19,351.2","10.75M","-0.31%"
"09/09/2021","19,411.1","19,261.4","19,411.1","19,231.4","12.36M","0.78%"
"08/09/2021","19,261.4","19,650.8","19,800.6","19,171.5","13.50M","-1.53%"
"07/09/2021","19,560.9","19,261.4","19,740.7","19,261.4","17.48M","1.87%"
"06/09/2021","19,201.5","19,201.5","19,351.2","19,051.7","18.67M","0.00%"
"01/09/2021","19,201.5","19,051.7","19,351.2","18,931.9","24.72M","0.79%"
"31/08/2021","19,051.7","19,471.1","19,501.0","19,051.7","19.78M","-1.55%"
"30/08/2021","19,351.2","18,812.0","19,351.2","18,752.1","21.40M","3.69%"
"27/08/2021","18,662.3","18,392.7","18,692.2","18,033.2","32.14M","-0.16%"
"26/08/2021","18,692.2","19,351.2","19,590.9","18,632.3","34.10M","-2.95%"
"25/08/2021","19,261.4","19,590.9","19,650.8","18,991.8","29.43M","-1.83%"
"24/08/2021","19,620.8","19,710.7","19,890.4","19,560.9","18.07M","0.15%"
"23/08/2021","19,590.9","19,590.9","20,040.2","19,560.9","31.83M","0.00%"
"20/08/2021","19,590.9","20,549.5","20,819.1","19,171.5","37.87M","-4.66%"
"19/08/2021","20,549.5","20,579.4","20,669.3","20,459.6","18.38M","-0.58%"
"18/08/2021","20,669.3","20,789.1","20,849.0","20,549.5","18.01M","-0.29%"
"17/08/2021","20,729.2","21,208.5","21,268.4","20,699.2","19.28M","-1.42%"
"16/08/2021","21,028.7","20,549.5","21,238.4","20,429.6","35.01M","2.33%"
"13/08/2021","20,549.5","20,609.4","20,729.2","20,190.0","19.74M","-0.29%"
"12/08/2021","20,609.4","20,669.3","20,819.1","20,549.5","21.20M","0.29%"
"11/08/2021","20,549.5","20,759.1","21,028.7","20,549.5","27.97M","-1.01%"
"10/08/2021","20,759.1","20,938.9","20,938.9","20,639.3","19.45M","0.29%"
"09/08/2021","20,699.2","20,429.6","20,729.2","20,339.8","25.05M","1.17%"
"06/08/2021","20,459.6","20,579.4","20,908.9","20,429.6","30.61M","-0.15%"
"05/08/2021","20,489.5","20,309.8","20,489.5","20,130.1","21.58M","0.59%"
"04/08/2021","20,369.7","20,549.5","20,639.3","20,309.8","24.72M","-0.29%"
"03/08/2021","20,429.6","20,219.9","20,429.6","19,920.4","36.01M","1.04%"
"02/08/2021","20,219.9","20,249.9","20,489.5","20,160.0","40.57M","-1.89%"
"30/07/2021","20,609.4","20,369.7","20,789.1","20,339.8","33.58M","1.47%"
"29/07/2021","20,309.8","19,950.3","20,459.6","19,890.4","27.51M","3.04%"
"28/07/2021","19,710.7","19,471.1","19,830.5","19,471.1","11.56M","1.23%"
"27/07/2021","19,471.1","19,471.1","19,980.3","19,411.1","25.69M","1.09%"
"26/07/2021","19,261.4","19,291.3","19,471.1","19,051.7","16.41M","-1.08%"
"23/07/2021","19,471.1","19,860.5","20,190.0","19,471.1","26.28M","-2.99%"
"22/07/2021","20,070.2","19,680.7","20,339.8","19,620.8","21.50M","1.98%"
"21/07/2021","19,680.7","20,040.2","20,279.9","19,590.9","16.07M","-1.20%"
"20/07/2021","19,920.4","19,351.2","19,950.3","18,961.8","32.38M","3.10%"
"19/07/2021","19,321.3","20,070.2","20,339.8","19,321.3","33.50M","-6.93%"
"16/07/2021","20,759.1","21,208.5","21,208.5","20,759.1","15.63M","-1.00%"
"15/07/2021","20,968.8","20,249.9","21,238.4","20,130.1","24.42M","3.86%"
"14/07/2021","20,190.0","20,759.1","21,178.5","20,190.0","26.42M","-2.60%"
"13/07/2021","20,729.2","21,268.4","21,538.0","20,249.9","19.02M","-1.14%"
"12/07/2021","20,968.8","22,197.0","22,227.0","20,968.8","45.25M","-6.91%"
"09/07/2021","22,526.5","22,886.0","23,245.4","22,167.1","29.57M","-2.59%"
"08/07/2021","23,125.6","23,545.0","23,964.4","23,125.6","22.80M","-1.15%"
"07/07/2021","23,395.2","23,245.4","23,485.1","22,526.5","43.37M","3.92%"
"06/07/2021","22,512.5","24,369.2","24,694.1","22,512.5","54.24M","-6.91%"
"05/07/2021","24,183.6","24,462.1","24,601.3","23,905.0","40.89M","-1.14%"
"02/07/2021","24,462.1","24,462.1","24,694.1","24,322.8","34.52M","0.57%"
"01/07/2021","24,322.8","24,462.1","24,740.6","24,090.7","61.00M","-0.57%"
"30/06/2021","24,462.1","25,065.5","25,297.6","24,369.2","65.43M","-2.23%"
"29/06/2021","25,019.1","25,251.2","25,390.4","24,833.4","38.90M","-0.92%"
"28/06/2021","25,251.2","25,297.6","25,436.8","24,972.6","29.02M","1.12%"
"25/06/2021","24,972.6","24,694.1","24,972.6","24,322.8","29.83M","0.75%"
"24/06/2021","24,787.0","25,065.5","25,390.4","24,647.7","51.30M","1.33%"
"23/06/2021","24,462.1","24,230.0","24,833.4","24,090.7","35.27M","1.54%"
"22/06/2021","24,090.7","23,533.7","24,322.8","23,255.2","45.71M","3.18%"
"21/06/2021","23,348.0","23,533.7","23,905.0","23,208.8","23.50M","-1.76%"
"18/06/2021","23,765.8","23,858.6","24,369.2","23,673.0","27.57M","1.39%"
"17/06/2021","23,440.9","22,976.7","23,673.0","22,930.3","36.36M","0.00%"
"16/06/2021","23,440.9","23,951.5","23,951.5","23,440.9","44.60M","-3.07%"
"15/06/2021","24,183.6","24,369.2","24,601.3","24,044.3","33.77M","-0.76%"
"14/06/2021","24,369.2","24,740.6","25,065.5","24,137.1","29.43M","-0.76%"
"11/06/2021","24,554.9","23,208.8","24,554.9","23,023.1","37.46M","6.87%"
"10/06/2021","22,976.7","23,440.9","23,626.5","22,976.7","24.11M","-1.98%"
"09/06/2021","23,440.9","22,976.7","23,673.0","22,512.5","31.05M","3.06%"
"08/06/2021","22,744.6","23,951.5","24,369.2","22,744.6","33.59M","-5.77%"
"07/06/2021","24,137.1","24,926.2","24,972.6","23,673.0","37.12M","-3.70%"
"04/06/2021","25,065.5","24,926.2","25,483.2","24,879.8","27.08M","0.75%"
"03/06/2021","24,879.8","24,601.3","25,158.3","24,137.1","36.46M","3.08%"
"02/06/2021","24,137.1","24,044.3","24,554.9","23,951.5","30.95M","-1.14%"
"01/06/2021","24,415.6","24,833.4","25,019.1","24,369.2","22.38M","-0.94%"
"31/05/2021","24,647.7","23,765.8","24,647.7","23,673.0","36.85M","3.71%"
"28/05/2021","23,765.8","23,487.3","23,812.2","23,255.2","35.27M","1.99%"
"27/05/2021","23,301.6","23,951.5","23,997.9","23,208.8","41.13M","-2.52%"
"26/05/2021","23,905.0","23,765.8","24,044.3","23,580.1","28.91M","0.78%"
"25/05/2021","23,719.4","23,905.0","24,137.1","23,719.4","22.69M","-0.20%"
"24/05/2021","23,765.8","22,651.8","23,951.5","22,558.9","63.63M","6.11%"
"21/05/2021","22,396.5","22,698.2","22,883.9","22,373.3","33.07M","-1.33%"
"20/05/2021","22,698.2","22,582.1","22,698.2","22,303.6","29.32M","1.87%"
"19/05/2021","22,280.4","21,723.4","22,396.5","21,584.2","36.44M","3.11%"
"18/05/2021","21,607.4","21,653.8","21,793.0","21,444.9","36.83M","-0.43%"
"17/05/2021","21,700.2","21,839.5","22,094.8","21,537.8","35.51M","-0.53%"
"14/05/2021","21,816.3","21,816.3","22,025.1","21,653.8","35.59M","1.08%"
"13/05/2021","21,584.2","20,748.7","21,885.9","20,725.4","70.97M","3.33%"
"12/05/2021","20,887.9","20,377.3","20,887.9","20,354.1","40.89M","1.81%"
"11/05/2021","20,516.6","20,771.9","20,841.5","20,516.6","32.79M","-1.34%"
"10/05/2021","20,795.1","20,887.9","20,934.3","20,655.8","52.54M","2.28%"
"07/05/2021","20,330.9","19,750.7","20,377.3","19,634.6","53.38M","2.10%"
"06/05/2021","19,913.1","19,959.6","20,284.5","19,820.3","41.57M","-1.04%"
"05/05/2021","20,122.0","20,238.1","20,609.4","20,122.0","46.24M","0.81%"
"04/05/2021","19,959.6","18,590.2","19,959.6","18,590.2","53.01M","5.39%"
"29/04/2021","18,938.4","18,567.0","18,961.6","18,451.0","29.61M","2.64%"
"28/04/2021","18,451.0","18,381.4","18,775.9","18,358.1","16.66M","0.25%"
"27/04/2021","18,404.6","18,358.1","18,613.4","18,242.1","14.94M","-0.13%"
"26/04/2021","18,427.8","19,170.5","19,170.5","18,404.6","26.45M","-3.87%"
"23/04/2021","19,170.5","18,311.7","19,216.9","18,102.8","36.63M","5.49%"
"22/04/2021","18,172.5","19,379.3","19,472.2","18,172.5","44.70M","-6.79%"
"20/04/2021","19,495.4","19,797.1","20,029.2","19,263.3","48.48M","-1.18%"
"19/04/2021","19,727.5","19,588.2","19,727.5","19,170.5","33.44M","1.19%"
"16/04/2021","19,495.4","19,681.0","20,052.4","18,938.4","44.73M","-0.47%"
"15/04/2021","19,588.2","19,913.1","19,959.6","19,495.4","29.08M","-1.29%"
"14/04/2021","19,843.5","19,449.0","19,959.6","19,263.3","29.85M","1.66%"
"13/04/2021","19,518.6","20,191.6","20,191.6","19,495.4","31.54M","-2.66%"
"12/04/2021","20,052.4","19,773.9","20,098.8","19,704.3","28.17M","1.65%"
"09/04/2021","19,727.5","19,727.5","19,820.3","19,634.6","30.56M","-0.23%"
"08/04/2021","19,773.9","19,959.6","20,098.8","19,773.9","24.31M","-0.93%"
"07/04/2021","19,959.6","19,959.6","20,330.9","19,866.7","25.35M","0.00%"
"06/04/2021","19,959.6","19,472.2","20,214.8","19,309.7","46.99M","2.38%"
"05/04/2021","19,495.4","19,495.4","19,634.6","19,263.3","33.83M","1.69%"
"02/04/2021","19,170.5","19,263.3","19,286.5","19,031.2","25.45M","0.61%"
"01/04/2021","19,054.4","18,706.3","19,193.7","18,706.3","39.00M","2.24%"
"31/03/2021","18,636.7","18,752.7","18,961.6","18,567.0","24.70M","-0.62%"
"30/03/2021","18,752.7","18,706.3","18,938.4","18,497.4","23.26M","1.00%"
"29/03/2021","18,567.0","18,381.4","18,590.2","18,242.1","24.18M","2.43%"
"26/03/2021","18,126.1","18,242.1","18,474.2","17,545.8","33.90M","-0.89%"
"25/03/2021","18,288.5","18,334.9","18,636.7","18,056.4","30.61M","1.03%"
"24/03/2021","18,102.8","18,567.0","18,775.9","18,056.4","38.09M","-3.70%"
"23/03/2021","18,799.1","19,124.0","19,147.2","18,659.9","30.56M","-1.46%"
"22/03/2021","19,077.6","19,008.0","19,379.3","18,799.1","43.14M","1.61%"
"19/03/2021","18,775.9","18,729.5","18,984.8","18,706.3","17.29M","-0.12%"
"18/03/2021","18,799.1","19,124.0","19,240.1","18,659.9","33.47M","2.40%"
"17/03/2021","18,358.1","17,522.6","18,381.4","17,453.0","49.41M","4.91%"
"16/03/2021","17,499.4","17,708.3","17,731.5","17,476.2","14.73M","-0.79%"
"15/03/2021","17,638.7","17,638.7","17,731.5","17,522.6","14.11M","0.13%"